sub-20090812113245,ses-01
sub-20090825173912,ses-01
sub-20090826170454,ses-01
sub-20090827103959,ses-01
sub-20090827113901,ses-01
sub-20090901142621,ses-01
sub-20090901150603,ses-01
sub-20090903094204,ses-01
sub-20090903101331,ses-01
sub-20091006163825,ses-01
sub-20091006172046,ses-01
sub-20091007110913,ses-01
sub-20091013155249,ses-01
sub-20091014115337,ses-01
sub-20091214090737,ses-01
sub-20100104123014,ses-01
sub-20100222115256,ses-01
sub-20100222150606,ses-01
sub-20100301111743,ses-01
sub-20100301172728,ses-01
sub-20100302115430,ses-01
sub-20100304184705,ses-01
sub-20100310134058,ses-01
sub-20100310141333,ses-01
sub-20100313080107,ses-01
sub-20100313082915,ses-01
sub-20100313085605,ses-01
sub-20100313092117,ses-01
sub-20100313094541,ses-01
sub-20100313100922,ses-01
sub-20100313105942,ses-01
sub-20100313121336,ses-01
sub-20100313123907,ses-01
sub-20100313135137,ses-01
sub-20100313150849,ses-01
sub-20100313153142,ses-01
sub-20100313155128,ses-01
sub-20100313161159,ses-01
sub-20100313163159,ses-01
sub-20100313165124,ses-01
sub-20100313171111,ses-01
sub-20100313173136,ses-01
sub-20100313175200,ses-01
sub-20100313181204,ses-01
sub-20100313183409,ses-01
sub-20100313185433,ses-01
sub-20100329152542,ses-01
sub-20100413091914,ses-01
sub-20100426123415,ses-01
sub-20100511172214,ses-01
sub-20100531120030,ses-01
sub-20100603100633,ses-01
sub-20100603161204,ses-01
sub-20100604084015,ses-01
sub-20100608101137,ses-01
sub-20100610130407,ses-01
sub-20100610153156,ses-01
sub-20100616095329,ses-01
sub-20100617163922,ses-01
sub-20100622083938,ses-01
sub-20100623071313,ses-01
sub-20100706171420,ses-01
sub-20100721140707,ses-01
sub-20100803172809,ses-01
sub-20100811100332,ses-01
sub-20100820104451,ses-01
sub-20100821094819,ses-01
sub-20100821154114,ses-01
sub-20100821170149,ses-01
sub-20100824092452,ses-01
sub-20100830083939,ses-01
sub-20100831152010,ses-01
sub-20100903103710,ses-01
sub-20100906161135,ses-01
sub-20100907093211,ses-01
sub-20100907114409,ses-01
sub-20100907150356,ses-01
sub-20100914070032,ses-01
sub-20100915075103,ses-01
sub-20100927075917,ses-01
sub-20100929083151,ses-01
sub-20100929125135,ses-01
sub-20101027113732,ses-01
sub-20101027120017,ses-01
sub-20101101115018,ses-01
sub-20101103113621,ses-01
sub-20101103131223,ses-01
sub-20101109113412,ses-01
sub-20101111140340,ses-01
sub-20101116074749,ses-01
sub-20101116112937,ses-01
sub-20101117114920,ses-01
sub-20101122094632,ses-01
sub-20101124112548,ses-01
sub-20101126105451,ses-01
sub-20101126163111,ses-01
sub-20101126172154,ses-01
sub-20101201121304,ses-01
sub-20101201130250,ses-01
sub-20101207070910,ses-01
sub-20101210083423,ses-01
sub-20101215074318,ses-01
sub-20101215103738,ses-01
sub-20101216110857,ses-01
sub-20101217110052,ses-01
sub-20101217171436,ses-01
sub-20101220104850,ses-01
sub-20101221173112,ses-01
sub-20101223152452,ses-01
sub-20110105094716,ses-01
sub-20110110075114,ses-01
sub-20110110083935,ses-01
sub-20110117073705,ses-01
sub-20110117111725,ses-01
sub-20110118072228,ses-01
sub-20110119081915,ses-01
sub-20110121144549,ses-01
sub-20110124082233,ses-01
sub-20110124130357,ses-01
sub-20110124145431,ses-01
sub-20110131161851,ses-01
sub-20110202070147,ses-01
sub-20110202073506,ses-01
sub-20110208085637,ses-01
sub-20110210133139,ses-01
sub-20110211075453,ses-01
sub-20110226115300,ses-01
sub-20110226123813,ses-01
sub-20110301104610,ses-01
sub-20110301141229,ses-01
sub-20110302111056,ses-01
sub-20110311103401,ses-01
sub-20110321140656,ses-01
sub-20110326123052,ses-01
sub-20110330102535,ses-01
sub-20110401134336,ses-01
sub-20110405145048,ses-01
sub-20110405170555,ses-01
sub-20110415103108,ses-01
sub-20110419141359,ses-01
sub-20110419150054,ses-01
sub-20110421110541,ses-01
sub-20110421122041,ses-01
sub-20110426130941,ses-01
sub-20110503163129,ses-01
sub-20110507083623,ses-01
sub-20110519131151,ses-01
sub-20110609141211,ses-01
sub-20110627112910,ses-01
sub-20110628165223,ses-01
sub-20110701105604,ses-01
sub-20110701140852,ses-01
sub-20110701145755,ses-01
sub-20110705092100,ses-01
sub-20110706115407,ses-01
sub-20110708081155,ses-01
sub-20110715131311,ses-01
sub-20110718075306,ses-01
sub-20110719135533,ses-01
sub-20110729142309,ses-01
sub-20110730085738,ses-01
sub-20110730101848,ses-01
sub-20110730112439,ses-01
sub-20110730144733,ses-01
sub-20110806133156,ses-01
sub-20110806161419,ses-01
sub-20110806165128,ses-01
sub-20110810143213,ses-01
sub-20110812143215,ses-01
sub-20110816103955,ses-01
sub-20110819082628,ses-01
sub-20110824120505,ses-01
sub-20110826135551,ses-01
sub-20110910070932,ses-01
sub-20110910083649,ses-01
sub-20110910103528,ses-01
sub-20110910111530,ses-01
sub-20110910135643,ses-01
sub-20111004140131,ses-01
sub-20111018182453,ses-01
sub-20111019095053,ses-01
sub-20111025081333,ses-01
sub-20111028150414,ses-01
sub-20111028154658,ses-01
sub-20111111075837,ses-01
sub-20111116100134,ses-01
sub-20111118081205,ses-01
sub-20111121093246,ses-01
sub-20111123131922,ses-01
sub-20111213073340,ses-01
sub-20111217084236,ses-01
sub-20111217092440,ses-01
sub-20111217102849,ses-01
sub-20120123090440,ses-01
sub-20120125094348,ses-01
sub-20120130073126,ses-01
sub-20120203080104,ses-01
sub-20120204122434,ses-01
sub-20120204130623,ses-01
sub-20120204153105,ses-01
sub-20120211091147,ses-01
sub-20120305091527,ses-01
sub-20120308124754,ses-01
sub-20120317090815,ses-01
sub-20120323074706,ses-01
sub-20120328164112,ses-01
sub-20120328172732,ses-01
sub-20120330083926,ses-01
sub-20120330151139,ses-01
sub-20120413144552,ses-01
sub-20120414071230,ses-01
sub-20120414085533,ses-01
sub-20120421092331,ses-01
sub-20120506101120,ses-01
sub-20120508072424,ses-01
sub-20120509080738,ses-01
sub-20120516075626,ses-01
sub-20120518071424,ses-01
sub-20120518095553,ses-01
sub-20120602142944,ses-01
sub-20120602151727,ses-01
sub-20120607090428,ses-01
sub-20120607123945,ses-01
sub-20120607155655,ses-01
sub-20120612071836,ses-01
sub-20120619173253,ses-01
sub-20120623090307,ses-01
sub-20120623135114,ses-01
sub-20120625080345,ses-01
sub-20120626075503,ses-01
sub-20120713071628,ses-01
sub-20120717083536,ses-01
sub-20120723103044,ses-01
sub-20120813074255,ses-01
sub-20120813110331,ses-01
sub-20120814080404,ses-01
sub-20120829112541,ses-01
sub-20120829115608,ses-01
sub-20120905091612,ses-01
sub-20120921114237,ses-01
sub-20121003085459,ses-01
sub-20121005071929,ses-01
sub-20121006095630,ses-01
sub-20121006124211,ses-01
sub-20121006135320,ses-01
sub-20121006143228,ses-01
sub-20121006150601,ses-01
sub-20121016072756,ses-01
sub-20121016081134,ses-01
sub-20121024091705,ses-01
sub-20121026072019,ses-01
sub-20121026093155,ses-01
sub-20121027111608,ses-01
sub-20121027150310,ses-01
sub-20121027154408,ses-01
sub-20121029093951,ses-01
sub-20121107085149,ses-01
sub-20121107115537,ses-01
sub-20121120112156,ses-01
sub-20121125112700,ses-01
sub-20121128095845,ses-01
sub-20121130080544,ses-01
sub-20121207100107,ses-01
sub-20121212084500,ses-01
sub-20121214074749,ses-01
sub-20121214173525,ses-01
sub-20121215100942,ses-01
sub-20121215105116,ses-01
sub-20121215133456,ses-01
sub-20121215141539,ses-01
sub-20130112085740,ses-01
sub-20130112093834,ses-01
sub-20130112104602,ses-01
sub-20130112133247,ses-01
sub-20130112162359,ses-01
sub-20130123085807,ses-01
sub-20130125072517,ses-01
sub-20130127103109,ses-01
sub-20130201081209,ses-01
sub-20130202115242,ses-01
sub-20130202135631,ses-01
sub-20130204130741,ses-01
sub-20130206072746,ses-01
sub-20130209101423,ses-01
sub-20130209115734,ses-01
sub-20130209151946,ses-01
sub-20130209161853,ses-01
sub-20130216162518,ses-01
sub-20130219171456,ses-01
sub-20130220093431,ses-01
sub-20130301071415,ses-01
sub-20130301130801,ses-01
sub-20130302085502,ses-01
sub-20130302105716,ses-01
sub-20130306072851,ses-01
sub-20130308174428,ses-01
sub-20130309112557,ses-01
sub-20130309131646,ses-01
sub-20130315080206,ses-01
sub-20130315171143,ses-01
sub-20130316093221,ses-01
sub-20130316105552,ses-01
sub-20130316124931,ses-01
sub-20130316141126,ses-01
sub-20130324095126,ses-01
sub-20130412153600,ses-01
sub-20130412161207,ses-01
sub-20130511132509,ses-01
sub-20130607072448,ses-01
sub-20130610131414,ses-01
sub-20130611155103,ses-01
sub-20130612072824,ses-01
sub-20130612082225,ses-01
sub-20130614101712,ses-01
sub-20130625153329,ses-01
sub-20130705081014,ses-01
sub-20130705104750,ses-01
sub-20130712090814,ses-01
sub-20130712105341,ses-01
sub-20130716133209,ses-01
sub-20130716152320,ses-01
sub-20130716161604,ses-01
sub-20130830123324,ses-01
sub-20130830130837,ses-01
sub-20130830135822,ses-01
sub-20130830173811,ses-01
sub-20130831084321,ses-01
sub-20130831095809,ses-01
sub-20130831111022,ses-01
sub-20130831124751,ses-01
sub-20130912173520,ses-01
sub-20130920071402,ses-01
sub-20130925071708,ses-01
sub-20131202071533,ses-01
sub-20131204103017,ses-01
sub-20131206080839,ses-01
sub-20140124094217,ses-01
sub-20140131071449,ses-01
sub-20140205112354,ses-01
sub-20140215083933,ses-01
sub-20140215113112,ses-01
sub-20140215121331,ses-01
sub-20140215125545,ses-01
sub-20140219080502,ses-01
sub-20140219111359,ses-01
sub-20140221071420,ses-01
sub-20140221090327,ses-01
sub-20140222122029,ses-01
sub-20140315114527,ses-01
sub-20140315122859,ses-01
sub-20140315131223,ses-01
sub-20140315140218,ses-01
sub-20140322102919,ses-01
sub-20140328073624,ses-01
sub-20140328102716,ses-01
sub-20140404074436,ses-01
sub-20140412103029,ses-01
sub-20140412120916,ses-01
sub-20140626113215,ses-01
sub-20140626122247,ses-01
sub-20140627094528,ses-01
sub-20140723072702,ses-01
sub-20140816083954,ses-01
sub-20140816120954,ses-01
sub-20140816141506,ses-01
sub-20140823102131,ses-01
sub-20140823112031,ses-01
sub-20140823122523,ses-01
sub-20140823150427,ses-01
sub-20140823161128,ses-01
sub-20140828150959,ses-01
sub-20140902135639,ses-01
sub-20140903135432,ses-01
sub-20140905113440,ses-01
sub-20140919082957,ses-01
sub-20140920100407,ses-01
sub-20140920155108,ses-01
sub-20140927080136,ses-01
sub-20140927105321,ses-01
sub-20140927113607,ses-01
sub-20140927121819,ses-01
sub-20141002181441,ses-01
sub-20141018095653,ses-01
sub-20141023165327,ses-01
sub-20141025140421,ses-01
sub-20141025175159,ses-01
sub-20141114073102,ses-01
sub-20141121150121,ses-01
sub-20141122134838,ses-01
sub-20141122142837,ses-01
sub-20141122165141,ses-01
sub-20141129104641,ses-01
sub-20141129133653,ses-01
sub-20141129162638,ses-01
sub-20141129170150,ses-01
sub-20141205160304,ses-01
sub-20141205171553,ses-01
sub-20141209171606,ses-01
sub-20141212102541,ses-01
sub-20141213135745,ses-01
sub-20141213150048,ses-01
sub-20141217152714,ses-01
sub-20141219100529,ses-01
sub-20141219155726,ses-01
sub-20141220095452,ses-01
sub-20141220133858,ses-01
sub-20141222132257,ses-01
sub-20141222170017,ses-01
sub-20141223135655,ses-01
sub-20150105115740,ses-01
sub-20150109181129,ses-01
sub-20150110135748,ses-01
sub-20150110155532,ses-01
sub-20150112151431,ses-01
sub-20150115160129,ses-01
sub-20150116150124,ses-01
sub-20150117113800,ses-01
sub-20150122135520,ses-01
sub-20150124085432,ses-01
sub-20150124130525,ses-01
sub-20150125104848,ses-01
sub-20150130081850,ses-01
sub-20150130124527,ses-01
sub-20150130153443,ses-01
sub-20150131080415,ses-01
sub-20150131090935,ses-01
sub-20150131100900,ses-01
sub-20150131113321,ses-01
sub-20150131120724,ses-01
sub-20150131145749,ses-01
sub-20150131161608,ses-01
sub-20150213090337,ses-01
sub-20150213162707,ses-01
sub-20150226161442,ses-01
sub-20150227102740,ses-01
sub-20150227170553,ses-01
sub-20150305151152,ses-01
sub-20150309165604,ses-01
sub-20150311123138,ses-01
sub-20150313090426,ses-01
sub-20150313115043,ses-01
sub-20150313142054,ses-01
sub-20150313162339,ses-01
sub-20150319162932,ses-01
sub-20150321151927,ses-01
sub-20150327104822,ses-01
sub-20150327152348,ses-01
sub-20150330151507,ses-01
sub-20150330171511,ses-01
sub-20150401165129,ses-01
sub-20150401174425,ses-01
sub-20150408162954,ses-01
sub-CNH001,ses-preop
sub-CNH0011,ses-preop
sub-CNH0012,ses-preop
sub-CNH0013,ses-preop
sub-CNH0014,ses-preop
sub-CNH0015,ses-preop
sub-CNH0016,ses-preop
sub-CNH0017,ses-preop
sub-CNH0019,ses-preop
sub-CNH002,ses-preop
sub-CNH0022,ses-preop
sub-CNH0028,ses-preop
sub-CNH0029,ses-preop
sub-CNH003,ses-preop
sub-CNH0032,ses-preop
sub-CNH0034,ses-preop
sub-CNH0035,ses-preop
sub-CNH0037,ses-preop
sub-CNH0039,ses-preop
sub-CNH004,ses-preop
sub-CNH0040,ses-preop
sub-CNH0044,ses-preop
sub-CNH005,ses-preop
sub-CNH0052,ses-preop
sub-CNH006,ses-preop
sub-CNH008,ses-preop
sub-CNH009,ses-preop
sub-CNH115,ses-preop
sub-CNH117,ses-preop
sub-CNH118,ses-preop
sub-CNH120,ses-preop
sub-CNH126,ses-preop
sub-CNH13,ses-preop
sub-CNH136,ses-preop
sub-CNH137,ses-preop
sub-CNH14,ses-preop
sub-CNH142,ses-preop
sub-CNH144,ses-preop
sub-CNH147,ses-preop
sub-CNH148,ses-preop
sub-CNH150,ses-preop
sub-CNH163,ses-preop
sub-CNH17,ses-preop
sub-CNH178,ses-preop
sub-CNH181,ses-preop
sub-CNH186,ses-preop
sub-CNH193,ses-preop
sub-CNH202,ses-preop
sub-CNH204,ses-preop
sub-CNH207,ses-preop
sub-CNH21,ses-preop
sub-CNH215,ses-preop
sub-CNH225,ses-preop
sub-CNH229,ses-preop
sub-CNH23,ses-preop
sub-CNH243,ses-preop
sub-CNH245,ses-preop
sub-CNH25,ses-preop
sub-CNH27,ses-preop
sub-CNH29,ses-preop
sub-CNH31,ses-preop
sub-CNH36,ses-preop
sub-CNH38,ses-preop
sub-CNH39,ses-preop
sub-CNH40,ses-preop
sub-CNH43,ses-preop
sub-CNH46,ses-preop
sub-CNH5,ses-preop
sub-CNH57,ses-preop
sub-CNH61,ses-preop
sub-CNH63,ses-preop
sub-CNH65,ses-preop
sub-CNH66,ses-preop
sub-CNH71,ses-preop
sub-CNH77,ses-preop
sub-CNH78,ses-preop
sub-CNH79,ses-preop
sub-CNH80,ses-preop
sub-CNH82,ses-preop
sub-CNH90,ses-preop
sub-CNH93,ses-preop
sub-CNH98,ses-preop
sub-EPICZCON001,ses-1
sub-EPICZCON002,ses-1
sub-EPICZCON003,ses-1
sub-EPICZCON004,ses-1
sub-EPICZCON005,ses-1
sub-EPICZCON006,ses-1
sub-EPICZCON007,ses-1
sub-EPICZCON008,ses-1
sub-EPICZCON009,ses-1
sub-EPICZCON010,ses-1
sub-EPICZCON011,ses-1
sub-EPICZCON012,ses-1
sub-EPICZCON013,ses-1
sub-EPICZCON014,ses-1
sub-EPICZCON015,ses-1
sub-EPICZCON016,ses-1
sub-EPICZCON017,ses-1
sub-EPICZCON018,ses-1
sub-EPICZCON019,ses-1
sub-EPICZCON020,ses-1
sub-EPICZCON021,ses-1
sub-EPICZCON022,ses-1
sub-EPICZCON024,ses-1
sub-EPICZCON025,ses-1
sub-EPICZCON026,ses-1
sub-EPICZCON027,ses-1
sub-EPICZCON028,ses-1
sub-EPICZCON029,ses-1
sub-EPICZCON030,ses-1
sub-EPICZCON031,ses-1
sub-EPICZCON032,ses-1
sub-EPICZCON033,ses-1
sub-EPICZCON034,ses-1
sub-EPICZCON035,ses-1
sub-EPICZCON036,ses-1
sub-EPICZCON037,ses-1
sub-EPICZCON038,ses-1
sub-EPICZCON039,ses-1
sub-EPICZCON040,ses-1
sub-EPICZCON041,ses-1
sub-EPICZCON042,ses-1
sub-EPICZCON043,ses-1
sub-EPICZCON044,ses-1
sub-EPICZCON045,ses-1
sub-EPICZCON046,ses-1
sub-EPICZCON047,ses-1
sub-EPICZCON048,ses-1
sub-EPICZCON049,ses-1
sub-EPICZCON050,ses-1
sub-EPICZCON051,ses-1
sub-EPICZCON052,ses-1
sub-EPICZCON053,ses-1
sub-EPICZCON054,ses-1
sub-EPICZCON055,ses-1
sub-EPICZCON056,ses-1
sub-EPICZCON057,ses-1
sub-EPICZCON058,ses-1
sub-EPICZCON059,ses-1
sub-EPICZCON060,ses-1
sub-EPICZCON061,ses-1
sub-EPICZCON062,ses-1
sub-EPICZCON063,ses-1
sub-EPICZCON065,ses-1
sub-EPICZCON066,ses-1
sub-EPICZCON067,ses-1
sub-EPICZCON068,ses-1
sub-EPICZCON069,ses-1
sub-EPICZCON070,ses-1
sub-EPICZCON071,ses-1
sub-EPICZCON073,ses-1
sub-EPICZCON074,ses-1
sub-EPICZCON075,ses-1
sub-EPICZCON076,ses-1
sub-EPICZCON077,ses-1
sub-EPICZCON078,ses-1
sub-EPICZCON079,ses-1
sub-EPICZCON080,ses-1
sub-EPICZCON081,ses-1
sub-EPICZCON082,ses-1
sub-EPICZCON083,ses-1
sub-EPICZCON084,ses-1
sub-EPICZCON085,ses-1
sub-EPICZCON086,ses-1
sub-EPICZCON087,ses-1
sub-EPICZCON088,ses-1
sub-EPICZCON089,ses-1
sub-EPICZCON090,ses-1
sub-EPICZCON091,ses-1
sub-EPICZCON092,ses-1
sub-EPICZCON093,ses-1
sub-EPICZCON094,ses-1
sub-EPICZCON095,ses-1
sub-EPICZCON096,ses-1
sub-EPICZCON097,ses-1
sub-EPICZCON098,ses-1
sub-EPICZCON099,ses-1
sub-EPICZCON100,ses-1
sub-EPICZCON101,ses-1
sub-EPICZCON102,ses-1
sub-EPICZCON103,ses-1
sub-EPICZCON104,ses-1
sub-EPICZCON105,ses-1
sub-EPICZCON106,ses-1
sub-EPICZCON107,ses-1
sub-EPICZCON108,ses-1
sub-EPICZCON109,ses-1
sub-EPICZCON110,ses-1
sub-EPICZCON111,ses-1
sub-EPICZCON112,ses-1
sub-EPICZCON113,ses-1
sub-EPICZCON114,ses-1
sub-EPICZPAT001,ses-1
sub-EPICZPAT002,ses-1
sub-EPICZPAT003,ses-1
sub-EPICZPAT005,ses-1
sub-EPICZPAT006,ses-1
sub-EPICZPAT007,ses-1
sub-EPICZPAT008,ses-1
sub-EPICZPAT009,ses-1
sub-EPICZPAT010,ses-1
sub-EPICZPAT011,ses-1
sub-EPICZPAT012,ses-1
sub-EPICZPAT013,ses-1
sub-EPICZPAT014,ses-1
sub-EPICZPAT015,ses-1
sub-EPICZPAT016,ses-1
sub-EPICZPAT017,ses-1
sub-EPICZPAT018,ses-1
sub-EPICZPAT019,ses-1
sub-EPICZPAT020,ses-1
sub-EPICZPAT021,ses-1
sub-EPICZPAT022,ses-1
sub-EPICZPAT023,ses-1
sub-EPICZPAT024,ses-1
sub-EPICZPAT025,ses-1
sub-EPICZPAT026,ses-1
sub-EPICZPAT027,ses-1
sub-EPICZPAT028,ses-1
sub-EPICZPAT029,ses-1
sub-EPICZPAT030,ses-1
sub-EPICZPAT031,ses-1
sub-EPICZPAT032,ses-1
sub-EPICZPAT033,ses-1
sub-EPICZPAT034,ses-1
sub-EPICZPAT035,ses-1
sub-EPICZPAT036,ses-1
sub-EPICZPAT037,ses-1
sub-EPICZPAT039,ses-1
sub-EPICZPAT040,ses-1
sub-EPICZPAT041,ses-1
sub-EPICZPAT042,ses-1
sub-EPICZPAT043,ses-1
sub-EPICZPAT044,ses-1
sub-EPICZPAT045,ses-1
sub-EPICZPAT046,ses-1
sub-EPICZPAT047,ses-1
sub-EPICZPAT048,ses-1
sub-EPICZPAT049,ses-1
sub-EPICZPAT050,ses-1
sub-EPICZPAT051,ses-1
sub-EPICZPAT052,ses-1
sub-EPICZPAT053,ses-1
sub-EPICZPAT054,ses-1
sub-EPICZPAT055,ses-1
sub-EPICZPAT056,ses-1
sub-EPICZPAT057,ses-1
sub-EPICZPAT058,ses-1
sub-EPICZPAT059,ses-1
sub-EPICZPAT060,ses-1
sub-EPICZPAT061,ses-1
sub-EPICZPAT062,ses-1
sub-EPICZPAT064,ses-1
sub-EPICZPAT065,ses-1
sub-EPICZPAT066,ses-1
sub-EPICZPAT067,ses-1
sub-EPICZPAT068,ses-1
sub-EPICZPAT069,ses-1
sub-EPICZPAT070,ses-1
sub-EPICZPAT071,ses-1
sub-EPICZPAT072,ses-1
sub-EPICZPAT073,ses-1
sub-EPICZPAT074,ses-1
sub-EPICZPAT075,ses-1
sub-EPICZPAT076,ses-1
sub-EPICZPAT077,ses-1
sub-EPICZPAT078,ses-1
sub-EPICZPAT079,ses-1
sub-EPICZPAT080,ses-1
sub-EPICZPAT081,ses-1
sub-EPICZPAT082,ses-1
sub-EPICZPAT083,ses-1
sub-EPICZPAT084,ses-1
sub-EPICZPAT085,ses-1
sub-EPICZPAT086,ses-1
sub-EPICZPAT088,ses-1
sub-EPICZPAT089,ses-1
sub-EPICZPAT090,ses-1
sub-EPICZPAT091,ses-1
sub-EPICZPAT093,ses-1
sub-EPICZPAT096,ses-1
sub-EPICZPAT097,ses-1
sub-EPICZPAT098,ses-1
sub-EPICZPAT099,ses-1
sub-EPICZPAT100,ses-1
sub-EPICZPAT101,ses-1
sub-EPICZPAT102,ses-1
sub-EPICZPAT103,ses-1
sub-EPICZPAT105,ses-1
sub-EPICZPAT106,ses-1
sub-EPICZPAT107,ses-1
sub-EPICZPAT108,ses-1
sub-EPICZPAT109,ses-1
sub-EPICZPAT110,ses-1
sub-EPICZPAT111,ses-1
sub-EPICZPAT112,ses-1
sub-EPICZPAT113,ses-1
sub-GWUgwu005,
sub-GWUgwu006,
sub-GWUgwu021,
sub-GWUgwu037,
sub-GWUgwu038,
sub-GWUgwu044,
sub-GWUgwu047,
sub-GWUgwu048,
sub-GWUgwu053,
sub-GWUgwu056,
sub-GWUgwu076,
sub-GWUgwu184,
sub-GWUgwu186,
sub-GWUgwu190,
sub-GWUgwu207,
sub-GWUgwu234,
sub-GWUgwu235,
sub-GWUgwu239,
sub-GWUgwu243,
sub-GWUgwu249,
sub-GWUgwu250,
sub-GWUgwu251,
sub-GWUgwu252,
sub-GWUgwu259,
sub-GWUgwu260,
sub-IGG1,ses-01
sub-IGG14,ses-01
sub-IGG16,ses-01
sub-IGG17,ses-01
sub-IGG18,ses-01
sub-IGG19,ses-01
sub-IGG2,ses-01
sub-IGG20,ses-01
sub-IGG21,ses-01
sub-IGG22,ses-01
sub-IGG23,ses-01
sub-IGG27,ses-01
sub-IGG3,ses-01
sub-IGG31,ses-01
sub-IGG32,ses-01
sub-IGG4,ses-01
sub-IGG6,ses-01
sub-LNF001,ses-01
sub-LNF003,ses-01
sub-LNF005,ses-01
sub-LNF008,ses-01
sub-LNF010,ses-01
sub-LNF012,ses-01
sub-LNF016,ses-01
sub-LNF018,ses-01
sub-LNF019,ses-01
sub-LNF021,ses-01
sub-LNF026,ses-01
sub-LNF029,ses-01
sub-LNF030,ses-01
sub-LNF032,ses-01
sub-LNF033,ses-01
sub-LNF034,ses-01
sub-LNF036,ses-01
sub-LNF037,ses-01
sub-LNF039,ses-01
sub-LNF040,ses-01
sub-LNF041,ses-01
sub-LNF042,ses-01
sub-LNF043,ses-01
sub-LNF046,ses-01
sub-LNF052,ses-01
sub-LNF054,ses-01
sub-LNF059,ses-01
sub-LNF060,ses-01
sub-LNF061,ses-01
sub-LNF062,ses-01
sub-LNF068,ses-01
sub-LNF069,ses-01
sub-LNF070,ses-01
sub-LNF071,ses-01
sub-LNF072,ses-01
sub-LNF073,ses-01
sub-LNF074,ses-01
sub-LNF076,ses-01
sub-LNF078,ses-01
sub-LNF084,ses-01
sub-LNF087,ses-01
sub-LNF093,ses-01
sub-LNF096,ses-01
sub-LNF097,ses-01
sub-LNF098,ses-01
sub-LNF101,ses-01
sub-LNF103,ses-01
sub-LNF105,ses-01
sub-LNF108,ses-01
sub-LNF110,ses-01
sub-LNF112,ses-01
sub-LNF113,ses-01
sub-LNF116,ses-01
sub-LNF123,ses-01
sub-LNF126,ses-01
sub-LNF130,ses-01
sub-LNF131,ses-01
sub-LNF136,ses-01
sub-LNF144,ses-01
sub-LNF147,ses-01
sub-LNF148,ses-01
sub-LNF151,ses-01
sub-LNF154,ses-01
sub-LNF156,ses-01
sub-LNF158,ses-01
sub-LNF159,ses-01
sub-LNF162,ses-01
sub-LNF169,ses-01
sub-LNF170,ses-01
sub-LNF202,ses-01
sub-LNF204,ses-01
sub-LangoneNC0001,ses-01
sub-LangoneNC0003,ses-01
sub-LangoneNC0005,ses-01
sub-LangoneNC0006,ses-01
sub-LangoneNC0007,ses-01
sub-LangoneNC0010,ses-01
sub-LangoneNC0011,ses-01
sub-LangoneNC0013,ses-01
sub-LangoneNC0015,ses-01
sub-LangoneNC0016,ses-01
sub-LangoneNC0017,ses-01
sub-LangoneNC0019,ses-01
sub-LangoneNC0022,ses-01
sub-LangoneNC0024,ses-01
sub-LangoneNC0025,ses-01
sub-LangoneNC0028,ses-01
sub-LangoneNC0029,ses-01
sub-LangoneNC0031,ses-01
sub-LangoneNC0032,ses-01
sub-LangoneNC0035,ses-01
sub-LangoneNC0036,ses-01
sub-LangoneNC0037,ses-01
sub-LangoneNC0039,ses-01
sub-LangoneNC0042,ses-01
sub-LangoneNC0043,ses-01
sub-LangoneNC0044,ses-01
sub-LangoneNC0045,ses-01
sub-LangoneNC0050,ses-01
sub-LangoneNC0053,ses-01
sub-LangoneNC0054,ses-01
sub-LangoneNC0055,ses-01
sub-LangoneNC0057,ses-01
sub-LangoneNC0058,ses-01
sub-LangoneNC0059,ses-01
sub-LangoneNC0060,ses-01
sub-LangoneNC0062,ses-01
sub-LangoneNC0063,ses-01
sub-LangoneNC0064,ses-01
sub-LangoneNC0069,ses-01
sub-LangoneNC0072,ses-01
sub-LangoneNC0074,ses-01
sub-LangoneNC0075,ses-01
sub-LangoneNC0077,ses-01
sub-LangoneNC0084,ses-01
sub-LangoneNC0086,ses-01
sub-LangoneNC0088,ses-01
sub-LangoneNC0089,ses-01
sub-LangoneNC0092,ses-01
sub-LangoneNC0093,ses-01
sub-LangoneNC0101,ses-01
sub-LangoneNC0102,ses-01
sub-LangoneNC0103,ses-01
sub-LangoneNC0104,ses-01
sub-LangoneNC0105,ses-01
sub-LangoneNC0109,ses-01
sub-LangoneNC0113,ses-01
sub-LangoneNC0114,ses-01
sub-LangoneNC0115,ses-01
sub-LangoneNC0116,ses-01
sub-LangoneNC0117,ses-01
sub-LangoneNC0118,ses-01
sub-LangoneNC0119,ses-01
sub-LangoneNC0120,ses-01
sub-LangoneNC0123,ses-01
sub-LangoneNC0127,ses-01
sub-LangoneNC0128,ses-01
sub-LangoneNC0129,ses-01
sub-LangoneNC0130,ses-01
sub-LangoneNC0132,ses-01
sub-LangoneNC0133,ses-01
sub-LangoneNC0134,ses-01
sub-LangoneNC0136,ses-01
sub-LangoneNC0137,ses-01
sub-LangoneNC0138,ses-01
sub-LangoneNC0139,ses-01
sub-LangoneNC0140,ses-01
sub-LangoneNC0142,ses-01
sub-LangoneNC0143,ses-01
sub-LangoneNC0144,ses-01
sub-LangoneNC0147,ses-01
sub-LangoneNC0153,ses-01
sub-LangoneNC0155,ses-01
sub-LangoneNC0156,ses-01
sub-LangoneNC0158,ses-01
sub-LangoneNC0159,ses-01
sub-LangoneNC0163,ses-01
sub-LangoneNC0167,ses-01
sub-LangoneNC0179,ses-01
sub-LangoneNC0180,ses-01
sub-LangoneNC0181,ses-01
sub-LangoneNC0182,ses-01
sub-LangoneNC0183,ses-01
sub-LangoneNC0184,ses-01
sub-LangoneNC0185,ses-01
sub-LangoneNC0186,ses-01
sub-LangoneNC0187,ses-01
sub-LangoneNC0188,ses-01
sub-LangoneNC0191,ses-01
sub-LangoneNC0193,ses-01
sub-LangoneNC0194,ses-01
sub-LangoneNC0195,ses-01
sub-LangoneNC0197,ses-01
sub-LangoneNC0198,ses-01
sub-LangoneNC0199,ses-01
sub-LangoneNC0200,ses-01
sub-LangoneNC0201,ses-01
sub-LangoneNC0202,ses-01
sub-LangoneNC0203,ses-01
sub-LangoneNC0204,ses-01
sub-LangoneNC0205,ses-01
sub-LangoneNC0206,ses-01
sub-LangoneNC0207,ses-01
sub-LangoneNC0208,ses-01
sub-LangoneNC0209,ses-01
sub-LangoneNC0210,ses-01
sub-LangoneNY0046,ses-01
sub-LangoneNY0067,ses-01
sub-LangoneNY0069,ses-01
sub-LangoneNY0072,ses-01
sub-LangoneNY0073,ses-01
sub-LangoneNY0084,ses-01
sub-LangoneNY0114,ses-01
sub-LangoneNY0116,ses-01
sub-LangoneNY0121,ses-01
sub-LangoneNY0122,ses-01
sub-LangoneNY0124,ses-01
sub-LangoneNY0125,ses-01
sub-LangoneNY0126,ses-01
sub-LangoneNY0128,ses-01
sub-LangoneNY0129,ses-01
sub-LangoneNY0131,ses-01
sub-LangoneNY0132,ses-01
sub-LangoneNY0134,ses-01
sub-LangoneNY0135,ses-01
sub-LangoneNY0139,ses-01
sub-LangoneNY0141,ses-01
sub-LangoneNY0142,ses-01
sub-LangoneNY0145,ses-01
sub-LangoneNY0146,ses-01
sub-LangoneNY0147,ses-01
sub-LangoneNY0148,ses-01
sub-LangoneNY0149,ses-01
sub-LangoneNY0150,ses-01
sub-LangoneNY0153,ses-01
sub-LangoneNY0157,ses-01
sub-LangoneNY0159,ses-01
sub-LangoneNY0160,ses-01
sub-LangoneNY0161,ses-01
sub-LangoneNY0162,ses-01
sub-LangoneNY0163,ses-01
sub-LangoneNY0164,ses-01
sub-LangoneNY0165,ses-01
sub-LangoneNY0169,ses-01
sub-LangoneNY0171,ses-01
sub-LangoneNY0176,ses-01
sub-LangoneNY0177,ses-01
sub-LangoneNY0179,ses-01
sub-LangoneNY0180,ses-01
sub-LangoneNY0181,ses-01
sub-LangoneNY0184,ses-01
sub-LangoneNY0186,ses-01
sub-LangoneNY0187,ses-01
sub-LangoneNY0189,ses-01
sub-LangoneNY0190,ses-01
sub-LangoneNY0191,ses-01
sub-LangoneNY0193,ses-01
sub-LangoneNY0194,ses-01
sub-LangoneNY0195,ses-01
sub-LangoneNY0196,ses-01
sub-LangoneNY0198,ses-01
sub-LangoneNY0204,ses-01
sub-LangoneNY0213,ses-01
sub-LangoneNY0217,ses-01
sub-LangoneNY0218,ses-01
sub-LangoneNY0219,ses-01
sub-LangoneNY0220,ses-01
sub-LangoneNY0224,ses-01
sub-LangoneNY0225,ses-01
sub-LangoneNY0226,ses-01
sub-LangoneNY0227,ses-01
sub-LangoneNY0228,ses-01
sub-LangoneNY0233,ses-01
sub-LangoneNY0236,ses-01
sub-LangoneNY0237,ses-01
sub-LangoneNY0248,ses-01
sub-LangoneNY0249,ses-01
sub-LangoneNY0250,ses-01
sub-LangoneNY0251,ses-01
sub-LangoneNY0252,ses-01
sub-LangoneNY0255,ses-01
sub-LangoneNY0256,ses-01
sub-LangoneNY0263,ses-01
sub-LangoneNY0266,ses-01
sub-LangoneNY0272,ses-01
sub-LangoneNY0274,ses-01
sub-LangoneNY0276,ses-01
sub-LangoneNY0282,ses-01
sub-LangoneNY0297,ses-01
sub-LangoneNY0299,ses-01
sub-LangoneNY0307,ses-01
sub-LangoneNY0309,ses-01
sub-LangoneNY0311,ses-01
sub-LangoneNY0312,ses-01
sub-LangoneNY0314,ses-01
sub-LangoneNY0315,ses-01
sub-LangoneNY0316,ses-01
sub-LangoneNY0318,ses-01
sub-LangoneNY0319,ses-01
sub-LangoneNY0322,ses-01
sub-LangoneNY0336,ses-01
sub-LangoneNY0338,ses-01
sub-LangoneNY0339,ses-01
sub-LangoneNY0342,ses-01
sub-LangoneNY0343,ses-01
sub-LangoneNY0345,ses-01
sub-LangoneNY0350,ses-01
sub-LangoneNY0351,ses-01
sub-LangoneNY0352,ses-01
sub-LangoneNY0354,ses-01
sub-LangoneNY0357,ses-01
sub-LangoneNY0358,ses-01
sub-LangoneNY0364,ses-01
sub-LangoneNY0365,ses-01
sub-LangoneNY0366,ses-01
sub-LangoneNY0367,ses-01
sub-LangoneNY0368,ses-01
sub-LangoneNY0370,ses-01
sub-LangoneNY0372,ses-01
sub-LangoneNY0374,ses-01
sub-LangoneNY0377,ses-01
sub-LangoneNY0381,ses-01
sub-LangoneNY0384,ses-01
sub-LangoneNY0385,ses-01
sub-LangoneNY0386,ses-01
sub-LangoneNY0387,ses-01
sub-LangoneNY0388,ses-01
sub-LangoneNY0389,ses-01
sub-LangoneNY0391,ses-01
sub-LangoneNY0395,ses-01
sub-LangoneNY0397,ses-01
sub-LangoneNY0398,ses-01
sub-LangoneNY0400,ses-01
sub-LangoneNY0402,ses-01
sub-LangoneNY0403,ses-01
sub-LangoneNY0419,ses-01
sub-LangoneNY0425,ses-01
sub-LangoneNY0429,ses-01
sub-LangoneNY0433,ses-01
sub-LangoneNY0434,ses-01
sub-LangoneNY0436,ses-01
sub-LangoneNY0439,ses-01
sub-LangoneNY0441,ses-01
sub-LangoneNY0445,ses-01
sub-LangoneNY0448,ses-01
sub-LangoneNY0451,ses-01
sub-LangoneNY0452,ses-01
sub-LangoneNY0453,ses-01
sub-LangoneNY0457,ses-01
sub-LangoneNY0458,ses-01
sub-LangoneNY0460,ses-01
sub-LangoneNY0463,ses-01
sub-LangoneNY0465,ses-01
sub-LangoneNY0467,ses-01
sub-LangoneNY0470,ses-01
sub-LangoneNY0471,ses-01
sub-LangoneNY0475,ses-01
sub-LangoneNY0476,ses-01
sub-LangoneNY0477,ses-01
sub-LangoneNY0479,ses-01
sub-LangoneNY0484,ses-01
sub-LangoneNY0486,ses-01
sub-LangoneNY0487,ses-01
sub-LangoneNY0495,ses-01
sub-MICAPX002,ses-01
sub-MICAPX003,ses-01
sub-MICAPX005,ses-01
sub-MICAPX012,ses-01
sub-MICAPX013,ses-01
sub-MICAPX016,ses-01
sub-MICAPX017,ses-01
sub-MICAPX019,ses-01
sub-MICAPX020,ses-01
sub-MICAPX021,ses-01
sub-MICAPX024,ses-01
sub-MICAPX026,ses-01
sub-MICAPX027,ses-01
sub-MICAPX028,ses-01
sub-MICAPX032,ses-01
sub-MICAPX036,ses-01
sub-MICAPX043,ses-01
sub-MICAPX044,ses-01
sub-MICAPX047,ses-01
sub-MICAPX048,ses-01
sub-MICAPX050,ses-01
sub-MICAPX052,ses-01
sub-MICAPX053,ses-01
sub-MICAPX055,ses-01
sub-MICAPX060,ses-01
sub-MICAPX061,ses-01
sub-MICAPX062,ses-01
sub-MICAPX063,ses-01
sub-MICAPX065,ses-01
sub-MICAPX067,ses-01
sub-MICAPX068,ses-01
sub-MICAPX069,ses-01
sub-MICAPX070,ses-01
sub-MICAPX072,ses-01
sub-MICAPX075,ses-01
sub-MUSC0001,ses-01
sub-MUSC0002,ses-01
sub-MUSC0003,ses-01
sub-MUSC0004,ses-01
sub-MUSC0005,ses-01
sub-MUSC0006,ses-01
sub-MUSC0007,ses-01
sub-MUSC0008,ses-01
sub-MUSC0010,ses-01
sub-MUSC0011,ses-01
sub-MUSC0012,ses-01
sub-MUSC0013,ses-01
sub-MUSC0014,ses-01
sub-MUSC0015,ses-01
sub-MUSC0016,ses-01
sub-MUSC0017,ses-01
sub-MUSC0018,ses-01
sub-MUSC0019,ses-01
sub-MUSC0020,ses-01
sub-MUSC0021,ses-01
sub-MUSC0022,ses-01
sub-MUSC0023,ses-01
sub-MUSC0024,ses-01
sub-MUSC0025,ses-01
sub-MUSC0026,ses-01
sub-MUSC0027,ses-01
sub-MUSC0028,ses-01
sub-MUSC0029,ses-01
sub-MUSC0031,ses-01
sub-MUSC0032,ses-01
sub-MUSC0033,ses-01
sub-MUSC0034,ses-01
sub-MUSC0035,ses-01
sub-MUSC0036,ses-01
sub-MUSC0037,ses-01
sub-MUSC0039,ses-01
sub-MUSC0040,ses-01
sub-MUSC0041,ses-01
sub-MUSC0042,ses-01
sub-MUSC0043,ses-01
sub-MUSC0044,ses-01
sub-MUSC0045,ses-01
sub-MUSC0046,ses-01
sub-MUSC0047,ses-01
sub-MUSC0048,ses-01
sub-MUSC0049,ses-01
sub-MUSC0051,ses-01
sub-MUSC0052,ses-01
sub-MUSC0053,ses-01
sub-MUSC0056,ses-01
sub-MUSC0058,ses-01
sub-MUSC0059,ses-01
sub-MUSC0061,ses-01
sub-MUSC0062,ses-01
sub-MUSC0063,ses-01
sub-MUSC0064,ses-01
sub-MUSC0065,ses-01
sub-MUSC0066,ses-01
sub-MUSC0067,ses-01
sub-MUSC0068,ses-01
sub-MUSC0069,ses-01
sub-MUSC0070,ses-01
sub-MUSC0071,ses-01
sub-MUSC0072,ses-01
sub-MUSC0073,ses-01
sub-MUSC0074,ses-01
sub-MUSC0075,ses-01
sub-MUSC0076,ses-01
sub-MUSC0077,ses-01
sub-MUSC0078,ses-01
sub-MUSC0079,ses-01
sub-MUSC0080,ses-01
sub-MUSC0081,ses-01
sub-MUSC0082,ses-01
sub-MUSC0083,ses-01
sub-MUSC0084,ses-01
sub-MUSC0085,ses-01
sub-MUSC0086,ses-01
sub-MUSC0087,ses-01
sub-MUSC0091,ses-01
sub-MUSC0092,ses-01
sub-MUSC0093,ses-01
sub-MUSC0094,ses-01
sub-MUSC0095,ses-01
sub-MUSC0096,ses-01
sub-MUSC0098,ses-01
sub-MUSC0099,ses-01
sub-MUSC0100,ses-01
sub-MUSC0101,ses-01
sub-MUSC0102,ses-01
sub-MUSC0103,ses-01
sub-MUSC0104,ses-01
sub-MUSC0105,ses-01
sub-MUSC0106,ses-01
sub-MUSC0107,ses-01
sub-MUSC0108,ses-01
sub-MUSC0109,ses-01
sub-MUSC0110,ses-01
sub-MUSC0111,ses-01
sub-MUSC0112,ses-01
sub-MUSC0113,ses-01
sub-MUSC0114,ses-01
sub-MUSC0115,ses-01
sub-MUSC0116,ses-01
sub-MUSC0117,ses-01
sub-MUSC0118,ses-01
sub-MUSC0119,ses-01
sub-MUSC0120,ses-01
sub-MUSC0121,ses-01
sub-MUSC0122,ses-01
sub-MUSC0123,ses-01
sub-MUSC0124,ses-01
sub-MUSC0125,ses-01
sub-MUSC0126,ses-01
sub-MUSC0127,ses-01
sub-MUSC0128,ses-01
sub-MUSC0129,ses-01
sub-MUSC0130,ses-01
sub-MUSC0131,ses-01
sub-MUSC0132,ses-01
sub-MUSPL0001,ses-01
sub-MUSPL0004,ses-01
sub-MUSPL0007,ses-01
sub-MUSPL0018,ses-01
sub-MUSPL0019,ses-01
sub-MUSPL0021,ses-01
sub-MUSPL0022,ses-01
sub-MUSPL0023,ses-01
sub-MUSPL0024,ses-01
sub-MUSPL0025,ses-01
sub-MUSPL0049,ses-01
sub-MUSPL0081,ses-01
sub-MUSPL0083,ses-01
sub-MUSPL0087,ses-01
sub-MUSPL0089,ses-01
sub-MUSPL0090,ses-01
sub-MUSPL0092,ses-01
sub-MUSPL0098,ses-01
sub-MUSPL0099,ses-01
sub-MUSPL0102,ses-01
sub-MUSPL0106,ses-01
sub-MUSPL0107,ses-01
sub-MUSPL0113,ses-01
sub-MUSPL0114,ses-01
sub-MUSPL0116,ses-01
sub-MUSPL0119,ses-01
sub-MUSPL0121,ses-01
sub-MUSPL0124,ses-01
sub-MUSPL0126,ses-01
sub-MUSPL0127,ses-01
sub-MUSPL0132,ses-01
sub-MUSPL0133,ses-01
sub-MUSPL0136,ses-01
sub-MUSPL0139,ses-01
sub-MUSPL0144,ses-01
sub-MUSPL0145,ses-01
sub-MUSPL0148,ses-01
sub-MUSPL0149,ses-01
sub-MUSPL0150,ses-01
sub-MUSPL0151,ses-01
sub-MUSPL0152,ses-01
sub-MUSPL0157,ses-01
sub-MUSPL0159,ses-01
sub-MUSPL0160,ses-01
sub-MUSPL0165,ses-01
sub-MUSPL0166,ses-01
sub-MUSPL0167,ses-01
sub-MUSPL0168,ses-01
sub-MUSPL0170,ses-01
sub-MUSPL0230,ses-01
sub-MUSPL0232,ses-01
sub-MUSPL0235,ses-01
sub-MUSPL0236,ses-01
sub-MUSPL0237,ses-01
sub-MUSPL0238,ses-01
sub-MUSPL0239,ses-01
sub-MUSPR0002,ses-01
sub-MUSPR0006,ses-01
sub-MUSPR0008,ses-01
sub-MUSPR0010,ses-01
sub-MUSPR0011,ses-01
sub-MUSPR0012,ses-01
sub-MUSPR0013,ses-01
sub-MUSPR0014,ses-01
sub-MUSPR0015,ses-01
sub-MUSPR0016,ses-01
sub-MUSPR0017,ses-01
sub-MUSPR0027,ses-01
sub-MUSPR0028,ses-01
sub-MUSPR0029,ses-01
sub-MUSPR0032,ses-01
sub-MUSPR0033,ses-01
sub-MUSPR0034,ses-01
sub-MUSPR0035,ses-01
sub-MUSPR0036,ses-01
sub-MUSPR0046,ses-01
sub-MUSPR0047,ses-01
sub-MUSPR0080,ses-01
sub-MUSPR0084,ses-01
sub-MUSPR0086,ses-01
sub-MUSPR0094,ses-01
sub-MUSPR0097,ses-01
sub-MUSPR0101,ses-01
sub-MUSPR0103,ses-01
sub-MUSPR0110,ses-01
sub-MUSPR0111,ses-01
sub-MUSPR0117,ses-01
sub-MUSPR0120,ses-01
sub-MUSPR0123,ses-01
sub-MUSPR0128,ses-01
sub-MUSPR0135,ses-01
sub-MUSPR0137,ses-01
sub-MUSPR0140,ses-01
sub-MUSPR0141,ses-01
sub-MUSPR0143,ses-01
sub-MUSPR0147,ses-01
sub-MUSPR0153,ses-01
sub-MUSPR0155,ses-01
sub-MUSPR0161,ses-01
sub-MUSPR0162,ses-01
sub-MUSPR0169,ses-01
sub-MUSPR0171,ses-01
sub-MUSPR0172,ses-01
sub-MUSPR0226,ses-01
sub-MUSPR0242,ses-01
sub-NanjingHC0001,
sub-NanjingHC0004,
sub-NanjingHC0016,
sub-NanjingHC0018,
sub-NanjingHC0019,
sub-NanjingHC0023,
sub-NanjingHC0024,
sub-NanjingHC0025,
sub-NanjingHC0026,
sub-NanjingHC0031,
sub-NanjingHC0033,
sub-NanjingHC0035,
sub-NanjingHC0036,
sub-NanjingHC0038,
sub-NanjingHC0040,
sub-NanjingHC0041,
sub-NanjingHC0044,
sub-NanjingHC0053,
sub-NanjingHC0055,
sub-NanjingHC0059,
sub-NanjingHC0066,
sub-NanjingHC0067,
sub-NanjingHC0068,
sub-NanjingHC0069,
sub-NanjingHC0072,
sub-NanjingHC0076,
sub-NanjingHC0077,
sub-NanjingHC0082,
sub-NanjingHC0085,
sub-NanjingHC0087,
sub-NanjingHC0089,
sub-NanjingHC0091,
sub-NanjingHC0096,
sub-NanjingHC0102,
sub-NanjingHC0105,
sub-NanjingHC0110,
sub-NanjingHC0113,
sub-NanjingHC0114,
sub-NanjingHC0117,
sub-NanjingHC0120,
sub-NanjingHC0125,
sub-NanjingHC0130,
sub-NanjingHC0131,
sub-NanjingHC0134,
sub-NanjingHC0140,
sub-NanjingHC0141,
sub-NanjingHC0143,
sub-NanjingHC0144,
sub-NanjingHC0145,
sub-NanjingHC0149,
sub-NanjingHC0150,
sub-NanjingHC0152,
sub-NanjingHC0157,
sub-NanjingHC0159,
sub-NanjingHC0162,
sub-NanjingHC0163,
sub-NanjingHC0165,
sub-NanjingHC0166,
sub-NanjingHC0174,
sub-NanjingHC0186,
sub-NanjingSubPAT00047,
sub-NanjingSubPAT00059,
sub-NanjingSubPAT00091,
sub-NanjingSubPAT00097,
sub-NanjingSubPAT00136,
sub-NanjingSubPAT00144,
sub-NanjingSubPAT00164,
sub-NanjingSubPAT00167,
sub-NanjingSubPAT00188,
sub-NanjingSubPAT00190,
sub-NanjingSubPAT00234,
sub-NanjingSubPAT00250,
sub-NanjingSubPAT00259,
sub-NanjingSubPAT00298,
sub-NanjingSubPAT00302,
sub-NanjingSubPAT00324,
sub-NanjingSubPAT00339,
sub-NanjingSubPAT00341,
sub-NanjingSubPAT00350,
sub-NanjingSubPAT00353,
sub-NanjingSubPAT00427,
sub-NanjingSubPAT00453,
sub-NanjingSubPAT00454,
sub-NanjingSubPAT00464,
sub-NanjingSubPAT00481,
sub-NanjingSubPAT00520,
sub-NanjingSubPAT00543,
sub-NanjingSubPAT00552,
sub-NanjingSubPAT00559,
sub-NanjingSubPAT00589,
sub-NanjingSubPAT00671,
sub-NanjingSubPAT00695,
sub-NanjingSubPAT00725,
sub-NanjingSubPAT00729,
sub-NanjingSubPAT00734,
sub-NanjingSubPAT00738,
sub-NanjingSubPAT00753,
sub-NanjingSubPAT00778,
sub-NanjingSubPAT00780,
sub-NanjingSubPAT00783,
sub-NanjingSubPAT00788,
sub-NanjingSubPAT00789,
sub-NanjingSubPAT00857,
sub-NanjingSubPAT00875,
sub-NanjingSubPAT00892,
sub-NanjingSubPAT00923,
sub-NanjingSubPAT00944,
sub-NanjingSubPAT01007,
sub-NanjingSubPAT01010,
sub-NanjingSubPAT01056,
sub-NanjingSubPAT01059,
sub-NanjingSubPAT01063,
sub-NanjingSubPAT01064,
sub-NanjingSubPAT01078,
sub-NanjingSubPAT01090,
sub-NanjingSubPAT01096,
sub-NanjingSubPAT01149,
sub-NanjingSubPAT01160,
sub-NanjingSubPAT01186,
sub-NanjingSubPAT01187,
sub-NanjingSubPAT01243,
sub-NanjingSubPAT01271,
sub-NanjingSubPAT01280,
sub-NanjingSubPAT01304,
sub-NanjingSubPAT01305,
sub-NanjingSubPAT01306,
sub-NanjingSubPAT01320,
sub-NanjingSubPAT01329,
sub-NanjingSubPAT01352,
sub-NanjingSubPAT01386,
sub-NanjingSubPAT01428,
sub-NanjingSubPAT01481,
sub-NanjingSubPAT01499,
sub-NanjingSubPAT01547,
sub-NanjingSubPAT01615,
sub-NanjingSubPAT01659,
sub-NanjingSubPAT01668,
sub-NanjingSubPAT01688,
sub-NanjingSubPAT01695,
sub-NanjingSubPAT01708,
sub-NanjingSubPAT01802,
sub-NanjingSubPAT01807,
sub-NanjingSubPAT01853,
sub-NanjingSubPAT01872,
sub-NanjingSubPAT01889,
sub-NanjingSubPAT01921,
sub-NanjingSubPAT01944,
sub-NanjingSubPAT01945,
sub-NanjingSubPAT01991,
sub-NanjingSubPAT02024,
sub-NanjingSubPAT02025,
sub-NanjingSubPAT02050,
sub-NanjingSubPAT02060,
sub-NanjingSubPAT02075,
sub-NanjingSubPAT02133,
sub-NanjingSubPAT02155,
sub-NanjingSubPAT02272,
sub-NanjingSubPAT02275,
sub-NanjingSubPAT02329,
sub-NanjingSubPAT02334,
sub-NanjingSubPAT02353,
sub-NanjingSubPAT02376,
sub-NanjingSubPAT02459,
sub-NanjingSubPAT02478,
sub-NanjingSubPAT02489,
sub-NanjingSubPAT02511,
sub-NanjingSubPAT02556,
sub-NanjingSubPAT02558,
sub-NanjingSubPAT02560,
sub-NanjingSubPAT02562,
sub-NanjingSubPAT02563,
sub-NanjingSubPAT02565,
sub-NanjingSubPAT02573,
sub-NanjingSubPAT02576,
sub-NanjingSubPAT02606,
sub-NanjingSubPAT02613,
sub-NanjingSubPAT02636,
sub-NanjingSubPAT02840,
sub-NanjingSubPAT02853,
sub-NanjingSubPAT02927,
sub-NanjingSubPAT02939,
sub-NanjingSubPAT03019,
sub-NanjingSubPAT03218,
sub-NanjingSubPAT03251,
sub-RUSH1,ses-1
sub-RUSH10,ses-1
sub-RUSH11,ses-1
sub-RUSH12,ses-1
sub-RUSH13,ses-1
sub-RUSH14,ses-1
sub-RUSH15,ses-1
sub-RUSH16,ses-1
sub-RUSH18,ses-1
sub-RUSH2,ses-1
sub-RUSH20,ses-1
sub-RUSH21,ses-1
sub-RUSH22,ses-1
sub-RUSH23,ses-1
sub-RUSH25,ses-1
sub-RUSH27,ses-1
sub-RUSH28,ses-1
sub-RUSH29,ses-1
sub-RUSH3,ses-1
sub-RUSH31,ses-1
sub-RUSH32,ses-1
sub-RUSH33,ses-1
sub-RUSH35,ses-1
sub-RUSH36,ses-1
sub-RUSH37,ses-1
sub-RUSH38,ses-1
sub-RUSH39,ses-1
sub-RUSH4,ses-1
sub-RUSH41,ses-1
sub-RUSH45,ses-1
sub-RUSH47,ses-1
sub-RUSH49,ses-1
sub-RUSH5,ses-1
sub-RUSH50,ses-1
sub-RUSH51,ses-1
sub-RUSH52,ses-1
sub-RUSH55,ses-1
sub-RUSH56,ses-1
sub-RUSH57,ses-1
sub-RUSH59,ses-1
sub-RUSH6,ses-1
sub-RUSH60,ses-1
sub-RUSH61,ses-1
sub-RUSH62,ses-1
sub-RUSH8,ses-1
sub-RUSH9,ses-1
sub-UCSDepd001,ses-1
sub-UCSDepd002,ses-1
sub-UCSDepd003,ses-1
sub-UCSDepd004,ses-1
sub-UCSDepd005,ses-1
sub-UCSDepd006,ses-1
sub-UCSDepd007,ses-1
sub-UCSDepd008,ses-1
sub-UCSDepd009,ses-1
sub-UCSDepd010,ses-1
sub-UCSDepd011,ses-1
sub-UCSDepd012,ses-1
sub-UCSDepd013,ses-1
sub-UCSDepd014,ses-1
sub-UCSDepd015,ses-1
sub-UCSDepd016,ses-1
sub-UCSDepd017,ses-1
sub-UCSDepd018,ses-1
sub-UCSDepd019,ses-1
sub-UCSDepd020,ses-1
sub-UCSDepd021,ses-1
sub-UCSDepd022,ses-1
sub-UCSDepd023,ses-1
sub-UCSDepd024,ses-1
sub-UCSDepd025,ses-1
sub-UCSDepd026,ses-1
sub-UCSDepd027,ses-1
sub-UCSDepd028,ses-1
sub-UCSDepd029,ses-1
sub-UCSDepd031,ses-1
sub-UCSDepd032,ses-1
sub-UCSDepd033,ses-1
sub-UCSDepd034,ses-1
sub-UCSDepd035,ses-1
sub-UCSDepd036,ses-1
sub-UCSDepd037,ses-1
sub-UCSDepd038,ses-1
sub-UCSDepd039,ses-1
sub-UCSDepd040,ses-1
sub-UCSDepd041,ses-1
sub-UCSDepd042,ses-1
sub-UCSDepd043,ses-1
sub-UCSDepd044,ses-1
sub-UCSDepd045,ses-1
sub-UCSDepd046,ses-1
sub-UCSDepd047,ses-1
sub-UCSDepd048,ses-1
sub-UCSDepd049,ses-1
sub-UCSDepd050,ses-1
sub-UCSDepd051,ses-1
sub-UCSDepd052,ses-1
sub-UCSDepd053,ses-1
sub-UCSDepd054,ses-1
sub-UCSDepd055,ses-1
sub-UCSDepd056,ses-1
sub-UCSDepd057,ses-1
sub-UCSDepd058,ses-1
sub-UCSDepd059,ses-1
sub-UCSDepd060,ses-1
sub-UCSDepd061,ses-1
sub-UCSDepd062,ses-1
sub-UCSDepd063,ses-1
sub-UCSDepd064,ses-1
sub-UCSDepd065,ses-1
sub-UCSDepd066,ses-1
sub-UCSDepd067,ses-1
sub-UCSDepd068,ses-1
sub-UCSDepd069,ses-1
sub-UCSDepd070,ses-1
sub-UCSDepd071,ses-1
sub-UCSDepd072,ses-1
sub-UCSDepd073,ses-1
sub-UCSDepd074,ses-1
sub-UCSDepd075,ses-1
sub-UCSDepd076,ses-1
sub-UCSDepd077,ses-1
sub-UCSDepd078,ses-1
sub-UCSDepd079,ses-1
sub-UCSDepd080,ses-1
sub-UCSDepd081,ses-1
sub-UCSDepd082,ses-1
sub-UCSDepd084,ses-1
sub-UCSDepd085,ses-1
sub-UCSDepd086,ses-1
sub-UCSDepd087,ses-1
sub-UCSDepd088,ses-1
sub-UCSDepd089,ses-1
sub-UCSDepd090,ses-1
sub-UCSDepd091,ses-1
sub-UCSDepd092,ses-1
sub-UCSDepd093,ses-1
sub-UCSDepd094,ses-1
sub-UCSDepd095,ses-1
sub-UCSDepd096,ses-1
sub-UCSDepd099,ses-1
sub-UCSDepd101,ses-1
sub-UCSDepd102,ses-1
sub-UCSDepducsf003,ses-1
sub-UCSDepducsf004,ses-1
sub-UCSDepducsf005,ses-1
sub-UCSDepducsf006,ses-1
sub-UCSDepducsf007,ses-1
sub-UCSDepducsf008,ses-1
sub-UCSDepducsf009,ses-1
sub-UCSDepducsf010,ses-1
sub-UCSDepducsf011,ses-1
sub-UCSDepducsf012,ses-1
sub-UCSDepducsf014,ses-1
sub-UCSDepducsf016,ses-1
sub-UCSDepducsf018,ses-1
sub-UCSDepducsf020,ses-1
sub-UCSDepducsf021,ses-1
sub-UCSDepducsf022,ses-1
sub-UCSDepducsf023,ses-1
sub-UCSDepducsf024,ses-1
sub-UCSDepducsf025,ses-1
sub-UCSDepducsf027,ses-1
sub-UCSDepducsf028,ses-1
sub-UCSDepducsf029,ses-1
sub-UCSDepducsf030,ses-1
sub-UCSDepducsf031,ses-1
sub-UCSDepducsf032,ses-1
sub-UCSDepducsf033,ses-1
sub-UCSDepducsf034,ses-1
sub-UCSDepducsf035,ses-1
sub-UCSDepducsf036,ses-1
sub-UCSDepducsf037,ses-1
sub-UCSDepducsf039,ses-1
sub-UCSDepducsf040,ses-1
sub-UCSDepducsf042,ses-1
sub-UCSDepducsf043,ses-1
sub-UCSDepducsf044,ses-1
sub-UCSDepducsf045,ses-1
sub-UCSDepducsf046,ses-1
sub-UCSDepducsf048,ses-1
sub-UCSDfc003,ses-1
sub-UCSDfc004,ses-1
sub-UCSDfc005,ses-1
sub-UCSDfc006,ses-1
sub-UCSDfc007,ses-1
sub-UCSDfc008,ses-1
sub-UCSDfc009,ses-1
sub-UCSDfc010,ses-1
sub-UCSDfc011,ses-1
sub-UCSDfc012,ses-1
sub-UCSDfc013,ses-1
sub-UCSDfc014,ses-1
sub-UCSDfc015,ses-1
sub-UCSDfc016,ses-1
sub-UCSDfc017,ses-1
sub-UCSDfc018,ses-1
sub-UCSDfc020,ses-1
sub-UCSDfc021,ses-1
sub-UCSDfc022,ses-1
sub-UCSDfc023,ses-1
sub-UCSDfc024,ses-1
sub-UCSDfc025,ses-1
sub-UCSDfc026,ses-1
sub-UCSDfc027,ses-1
sub-UCSDfc028,ses-1
sub-UCSDfc029,ses-1
sub-UCSDfc030,ses-1
sub-UCSDfc031,ses-1
sub-UCSDfc032,ses-1
sub-UCSDfc033,ses-1
sub-UCSDfc034,ses-1
sub-UCSDfc036,ses-1
sub-UCSDfc037,ses-1
sub-UCSDfc038,ses-1
sub-UCSDfc039,ses-1
sub-UCSDfc040,ses-1
sub-UCSDfc041,ses-1
sub-UCSDfc042,ses-1
sub-UCSDfc043,ses-1
sub-UCSDfc044,ses-1
sub-UCSDfc045,ses-1
sub-UCSDfc047,ses-1
sub-UCSDfc048,ses-1
sub-UCSDfc049,ses-1
sub-UCSDfc050,ses-1
sub-UCSDfc051,ses-1
sub-UCSDfc052,ses-1
sub-UCSDfc053,ses-1
sub-UCSDfc054,ses-1
sub-UCSDfc055,ses-1
sub-UCSDfc056,ses-1
sub-UCSDfc057,ses-1
sub-UCSDfc058,ses-1
sub-UCSDfc059,ses-1
sub-UCSDfc060,ses-1
sub-UCSDfc061,ses-1
sub-UCSDfc062,ses-1
sub-UCSDfc063,ses-1
sub-UCSDfc064,ses-1
sub-UCSDfc065,ses-1
sub-UCSDfc066,ses-1
sub-UCSDfc069,ses-1
sub-UCSDfc070,ses-1
sub-UCSDfc071,ses-1
sub-UCSDfc072,ses-1
sub-UCSDfc073,ses-1
sub-UCSDfc074,ses-1
sub-UCSDfc075,ses-1
sub-UCSDfc076,ses-1
sub-UCSDfc077,ses-1
sub-UCSDfc078,ses-1
sub-UCSDfc079,ses-1
sub-UCSDfc080,ses-1
sub-UCSDfc081,ses-1
sub-UCSDfc082,ses-1
sub-UCSDfc083,ses-1
sub-UCSDfc084,ses-1
sub-UCSDfc085,ses-1
sub-UCSDfc087,ses-1
sub-UCSDfc088,ses-1
sub-UCSDfc089,ses-1
sub-UCSDfc090,ses-1
sub-UCSDfc091,ses-1
sub-UCSDfc092,ses-1
sub-UCSDfc093,ses-1
sub-UCSDfc094,ses-1
sub-UCSDfc095,ses-1
sub-UCSDfc096,ses-1
sub-UCSDfc098,ses-1
sub-UCSDfcucsf067,ses-1
sub-UCSDfcucsf068,ses-1
sub-UCT01,ses-1
sub-UCT02,ses-1
sub-UCT03,ses-1
sub-UCT04,ses-1
sub-UCT05,ses-1
sub-UCT06,ses-1
sub-UCT07,ses-1
sub-UCT08,ses-1
sub-UCT09,ses-1
sub-UCT10,ses-1
sub-UCT11,ses-1
sub-UCT12,ses-1
sub-UCT13,ses-1
sub-UCT14,ses-1
sub-UCT15,ses-1
sub-UCT16,ses-1
sub-UCT17,ses-1
sub-UCT18,ses-1
sub-UCT19,ses-1
sub-UCT20,ses-1
sub-UCT21,ses-1
sub-UCT22,ses-1
sub-UCT23,ses-1
sub-UCT24,ses-1
sub-UCT25,ses-1
sub-UCT26,ses-1
sub-UCT27,ses-1
sub-UCT28,ses-1
sub-UCT29,ses-1
sub-UCT30,ses-1
sub-UCT31,ses-1
sub-UCT32,ses-1
sub-UCT33,ses-1
sub-UCT34,ses-1
sub-UCT35,ses-1
sub-UCT36,ses-1
sub-UCT37,ses-1
sub-UCT38,ses-1
sub-UCT39,ses-1
sub-UCT40,ses-1
sub-UCT41,ses-1
sub-UCT42,ses-1
sub-UCT43,ses-1
sub-UCT44,ses-1
sub-UCT45,ses-1
sub-UCT46,ses-1
sub-UCT47,ses-1
sub-UCT48,ses-1
sub-UCT49,ses-1
sub-UCT50,ses-1
sub-UKBonnMELDH101C00002,ses-1
sub-UKBonnMELDH101C00005,ses-1
sub-UKBonnMELDH101C00007,ses-1
sub-UKBonnMELDH101C00008,ses-1
sub-UKBonnMELDH101C00011,ses-1
sub-UKBonnMELDH101C00012,ses-1
sub-UKBonnMELDH101C00013,ses-1
sub-UKBonnMELDH101C00017,ses-1
sub-UKBonnMELDH101C00019,ses-1
sub-UKBonnMELDH101C00021,ses-1
sub-UKBonnMELDH101C00022,ses-1
sub-UKBonnMELDH101C00023,ses-1
sub-UKBonnMELDH101C00025,ses-1
sub-UKBonnMELDH101C00026,ses-1
sub-UKBonnMELDH101C00028,ses-1
sub-UKBonnMELDH101C00029,ses-1
sub-UKBonnMELDH101C00030,ses-1
sub-UKBonnMELDH101C00031,ses-1
sub-UKBonnMELDH101C00035,ses-1
sub-UKBonnMELDH101C00036,ses-1
sub-UKBonnMELDH101C00037,ses-1
sub-UKBonnMELDH101C00039,ses-1
sub-UKBonnMELDH101C00041,ses-1
sub-UKBonnMELDH101C00042,ses-1
sub-UKBonnMELDH101C00046,ses-1
sub-UKBonnMELDH101C00049,ses-1
sub-UKBonnMELDH101C00052,ses-1
sub-UKBonnMELDH101C00054,ses-1
sub-UKBonnMELDH101C00056,ses-1
sub-UKBonnMELDH101C00057,ses-1
sub-UKBonnMELDH101C00069,ses-1
sub-UKBonnMELDH101C00070,ses-1
sub-UKBonnMELDH101C00075,ses-1
sub-UKBonnMELDH101C00079,ses-1
sub-UKBonnMELDH101C00082,ses-1
sub-UKBonnMELDH101C00084,ses-1
sub-UKBonnMELDH101C00085,ses-1
sub-UKBonnMELDH101C00086,ses-1
sub-UKBonnMELDH101C00088,ses-1
sub-UKBonnMELDH101C00093,ses-1
sub-UKBonnMELDH101C00094,ses-1
sub-UKBonnMELDH101C00096,ses-1
sub-UKBonnMELDH101C00102,ses-1
sub-UKBonnMELDH101C00104,ses-1
sub-UKBonnMELDH101C00106,ses-1
sub-UKBonnMELDH101C00110,ses-1
sub-UKBonnMELDH101C00111,ses-1
sub-UKBonnMELDH101C00113,ses-1
sub-UKBonnMELDH101C00114,ses-1
sub-UKBonnMELDH101C00117,ses-1
sub-UKBonnMELDH101C00118,ses-1
sub-UKBonnMELDH101C00119,ses-1
sub-UKBonnMELDH101C00124,ses-1
sub-UKBonnMELDH101C00129,ses-1
sub-UKBonnMELDH101C00135,ses-1
sub-UKBonnMELDH101C00137,ses-1
sub-UKBonnMELDH101C00143,ses-1
sub-UKBonnMELDH101C00147,ses-1
sub-UKBonnMELDH101C00148,ses-1
sub-UKBonnMELDH101C00149,ses-1
sub-UKBonnMELDH101C00150,ses-1
sub-UKBonnMELDH101C00151,ses-1
sub-UKBonnMELDH101C00152,ses-1
sub-UKBonnMELDH101C00153,ses-1
sub-UKBonnMELDH101C00154,ses-1
sub-UKBonnMELDH101C00155,ses-1
sub-UKBonnMELDH101C00156,ses-1
sub-UKBonnMELDH101C00158,ses-1
sub-UKBonnMELDH101C00159,ses-1
sub-UKBonnMELDH101C00160,ses-1
sub-UKBonnMELDH101C00161,ses-1
sub-UKBonnMELDH101C00162,ses-1
sub-UKBonnMELDH101C00163,ses-1
sub-UKBonnMELDH101C00164,ses-1
sub-UKBonnMELDH101C00165,ses-1
sub-UKBonnMELDH101C00166,ses-1
sub-UKBonnMELDH101C00167,ses-1
sub-UKBonnMELDH101C00169,ses-1
sub-UKBonnMELDH101C00170,ses-1
sub-UKBonnMELDH101C00171,ses-1
sub-UKBonnMELDH101C00172,ses-1
sub-UKBonnMELDH101C00173,ses-1
sub-UKBonnMELDH101C00174,ses-1
sub-UKBonnMELDH101C00175,ses-1
sub-UKBonnMELDH101C00176,ses-1
sub-UKBonnMELDH101P00001,ses-1
sub-UKBonnMELDH101P00003,ses-1
sub-UKBonnMELDH101P00004,ses-1
sub-UKBonnMELDH101P00006,ses-1
sub-UKBonnMELDH101P00009,ses-1
sub-UKBonnMELDH101P00010,ses-1
sub-UKBonnMELDH101P00014,ses-1
sub-UKBonnMELDH101P00015,ses-1
sub-UKBonnMELDH101P00016,ses-1
sub-UKBonnMELDH101P00018,ses-1
sub-UKBonnMELDH101P00020,ses-1
sub-UKBonnMELDH101P00024,ses-1
sub-UKBonnMELDH101P00027,ses-1
sub-UKBonnMELDH101P00032,ses-1
sub-UKBonnMELDH101P00033,ses-1
sub-UKBonnMELDH101P00034,ses-1
sub-UKBonnMELDH101P00038,ses-1
sub-UKBonnMELDH101P00040,ses-1
sub-UKBonnMELDH101P00043,ses-1
sub-UKBonnMELDH101P00044,ses-1
sub-UKBonnMELDH101P00047,ses-1
sub-UKBonnMELDH101P00048,ses-1
sub-UKBonnMELDH101P00050,ses-1
sub-UKBonnMELDH101P00053,ses-1
sub-UKBonnMELDH101P00055,ses-1
sub-UKBonnMELDH101P00058,ses-1
sub-UKBonnMELDH101P00059,ses-1
sub-UKBonnMELDH101P00060,ses-1
sub-UKBonnMELDH101P00061,ses-1
sub-UKBonnMELDH101P00062,ses-1
sub-UKBonnMELDH101P00063,ses-1
sub-UKBonnMELDH101P00064,ses-1
sub-UKBonnMELDH101P00065,ses-1
sub-UKBonnMELDH101P00066,ses-1
sub-UKBonnMELDH101P00068,ses-1
sub-UKBonnMELDH101P00071,ses-1
sub-UKBonnMELDH101P00072,ses-1
sub-UKBonnMELDH101P00073,ses-1
sub-UKBonnMELDH101P00074,ses-1
sub-UKBonnMELDH101P00076,ses-1
sub-UKBonnMELDH101P00077,ses-1
sub-UKBonnMELDH101P00078,ses-1
sub-UKBonnMELDH101P00080,ses-1
sub-UKBonnMELDH101P00081,ses-1
sub-UKBonnMELDH101P00083,ses-1
sub-UKBonnMELDH101P00087,ses-1
sub-UKBonnMELDH101P00089,ses-1
sub-UKBonnMELDH101P00090,ses-1
sub-UKBonnMELDH101P00091,ses-1
sub-UKBonnMELDH101P00092,ses-1
sub-UKBonnMELDH101P00095,ses-1
sub-UKBonnMELDH101P00097,ses-1
sub-UKBonnMELDH101P00098,ses-1
sub-UKBonnMELDH101P00099,ses-1
sub-UKBonnMELDH101P00100,ses-1
sub-UKBonnMELDH101P00101,ses-1
sub-UKBonnMELDH101P00103,ses-1
sub-UKBonnMELDH101P00105,ses-1
sub-UKBonnMELDH101P00107,ses-1
sub-UKBonnMELDH101P00108,ses-1
sub-UKBonnMELDH101P00109,ses-1
sub-UKBonnMELDH101P00112,ses-1
sub-UKBonnMELDH101P00115,ses-1
sub-UKBonnMELDH101P00116,ses-1
sub-UKBonnMELDH101P00120,ses-1
sub-UKBonnMELDH101P00121,ses-1
sub-UKBonnMELDH101P00122,ses-1
sub-UKBonnMELDH101P00123,ses-1
sub-UKBonnMELDH101P00125,ses-1
sub-UKBonnMELDH101P00126,ses-1
sub-UKBonnMELDH101P00128,ses-1
sub-UKBonnMELDH101P00130,ses-1
sub-UKBonnMELDH101P00131,ses-1
sub-UKBonnMELDH101P00132,ses-1
sub-UKBonnMELDH101P00133,ses-1
sub-UKBonnMELDH101P00134,ses-1
sub-UKBonnMELDH101P00136,ses-1
sub-UKBonnMELDH101P00138,ses-1
sub-UKBonnMELDH101P00139,ses-1
sub-UKBonnMELDH101P00140,ses-1
sub-UKBonnMELDH101P00141,ses-1
sub-UKBonnMELDH101P00142,ses-1
sub-UKBonnMELDH101P00144,ses-1
sub-UKBonnMELDH101P00145,ses-1
sub-UKBonnMELDH101P00146,ses-1
sub-ULBBC1,ses-1
sub-ULBBC10,ses-1
sub-ULBBC11,ses-1
sub-ULBBC12,ses-1
sub-ULBBC13,ses-1
sub-ULBBC14,ses-1
sub-ULBBC15,ses-1
sub-ULBBC16,ses-1
sub-ULBBC17,ses-1
sub-ULBBC18,ses-1
sub-ULBBC19,ses-1
sub-ULBBC2,ses-1
sub-ULBBC20,ses-1
sub-ULBBC21,ses-1
sub-ULBBC22,ses-1
sub-ULBBC23,ses-1
sub-ULBBC24,ses-1
sub-ULBBC25,ses-1
sub-ULBBC26,ses-1
sub-ULBBC27,ses-1
sub-ULBBC28,ses-1
sub-ULBBC29,ses-1
sub-ULBBC3,ses-1
sub-ULBBC30,ses-1
sub-ULBBC31,ses-1
sub-ULBBC32,ses-1
sub-ULBBC33,ses-1
sub-ULBBC34,ses-1
sub-ULBBC35,ses-1
sub-ULBBC36,ses-1
sub-ULBBC37,ses-1
sub-ULBBC38,ses-1
sub-ULBBC39,ses-1
sub-ULBBC4,ses-1
sub-ULBBC40,ses-1
sub-ULBBC41,ses-1
sub-ULBBC42,ses-1
sub-ULBBC43,ses-1
sub-ULBBC44,ses-1
sub-ULBBC5,ses-1
sub-ULBBC6,ses-1
sub-ULBBC7,ses-1
sub-ULBBC8,ses-1
sub-ULBBC9,ses-1
sub-ULBBEP104,ses-1
sub-ULBBEP11,ses-1
sub-ULBBEP113,ses-1
sub-ULBBEP118,ses-1
sub-ULBBEP133,ses-1
sub-ULBBEP143,ses-1
sub-ULBBEP145,ses-1
sub-ULBBEP15,ses-1
sub-ULBBEP151,ses-1
sub-ULBBEP153,ses-1
sub-ULBBEP18,ses-1
sub-ULBBEP22,ses-1
sub-ULBBEP372,ses-1
sub-ULBBEP42,ses-1
sub-ULBBEP48,ses-1
sub-ULBBEP484,ses-1
sub-ULBBEP51,ses-1
sub-ULBBEP555,ses-1
sub-ULBBEP557,ses-1
sub-ULBBEP567,ses-1
sub-ULBBEP569,ses-1
sub-ULBBEP576,ses-1
sub-ULBBEP578,ses-1
sub-ULBBEP591,ses-1
sub-ULBBEP594,ses-1
sub-ULBBEP598,ses-1
sub-ULBBEP615,ses-1
sub-ULBBEP637,ses-1
sub-ULBBEP644,ses-1
sub-ULBBEP654,ses-1
sub-ULBBEP672,ses-1
sub-ULBBEP675,ses-1
sub-ULBBEP684,ses-1
sub-ULBBEP685,ses-1
sub-ULBBEP695,ses-1
sub-ULBBEP701,ses-1
sub-ULBBEP702,ses-1
sub-ULBBEP704,ses-1
sub-ULBBEP705,ses-1
sub-ULBBEP707,ses-1
sub-ULBBEP711,ses-1
sub-ULBBEP714,ses-1
sub-ULBBEP715,ses-1
sub-ULBBEP718,ses-1
sub-ULBBEP727,ses-1
sub-ULBBEP729,ses-1
sub-ULBBEP730,ses-1
sub-ULBBEP733,ses-1
sub-ULBBEP738,ses-1
sub-ULBBEP743,ses-1
sub-ULBBEP748,ses-1
sub-ULBBEP749,ses-1
sub-ULBBEP752,ses-1
sub-ULBBEP754,ses-1
sub-ULBBEP760,ses-1
sub-ULBBEP761,ses-1
sub-ULBBEP768,ses-1
sub-ULBBEP769,ses-1
sub-ULBBEP77,ses-1
sub-ULBBEP777,ses-1
sub-ULBBEP778,ses-1
sub-ULBBEP780,ses-1
sub-ULBBEP783,ses-1
sub-ULBBEP795,ses-1
sub-ULBBEP804,ses-1
sub-ULBBEP814,ses-1
sub-ULBBEP825,ses-1
sub-ULBBEP826,ses-1
sub-ULBBEP828,ses-1
sub-ULBBEP831,ses-1
sub-ULBBEP832,ses-1
sub-ULBBEP835,ses-1
sub-ULBBEP837,ses-1
sub-ULBBEP840,ses-1
sub-ULBBEP842,ses-1
sub-ULBBEP845,ses-1
sub-ULBBEP847,ses-1
sub-ULBBEP848,ses-1
sub-ULBBEP859,ses-1
sub-ULBBEP864,ses-1
sub-ULBBEP865,ses-1
sub-ULBBEP867,ses-1
sub-ULBBEP868,ses-1
sub-ULBBEP869,ses-1
sub-ULBBEP870,ses-1
sub-ULBBEP872,ses-1
sub-ULBBEP874,ses-1
sub-ULBBEP878,ses-1
sub-ULBBEP880,ses-1
sub-ULBBEP886,ses-1
sub-ULBBEP887,ses-1
sub-ULBBEP891,ses-1
sub-ULBBEP896,ses-1
sub-ULBBEP901,ses-1
sub-ULBBEP902,ses-1
sub-ULBBEP903,ses-1
sub-ULBBEP906,ses-1
sub-ULBBEP908,ses-1
sub-ULBBEP912,ses-1
sub-ULBBEP917,ses-1
sub-ULBBEP919,ses-1
sub-ULBBEP923,ses-1
sub-ULBBEP926,ses-1
sub-ULBBEP928,ses-1
sub-ULBBEP933,ses-1
sub-ULBBEP940,ses-1
sub-ULBBEP943,ses-1
sub-ULBBEP944,ses-1
sub-ULBBEP945,ses-1
sub-ULBBEP951,ses-1
sub-ULBBEP97,ses-1
sub-ULBBEP98,ses-1
sub-UNAM00367,ses-01
sub-UNAM00373,ses-01
sub-UNAM04001,ses-01
sub-UNAM04004,ses-01
sub-UNAM04005,ses-01
sub-UNAM04009,ses-01
sub-UNAM04013,ses-01
sub-UNAM04015,ses-01
sub-UNAM04018,ses-01
sub-UNAM04027,ses-01
sub-UNAM04028,ses-01
sub-UNAM04164,ses-01
sub-UNAM04165,ses-01
sub-UNAM04166,ses-01
sub-UNAM04169,ses-01
sub-UNAM04170,ses-01
sub-UNAM04171,ses-01
sub-UNAM04173,ses-01
sub-UNAM04178,ses-01
sub-UNAM04181,ses-01
sub-UNAM04201,ses-01
sub-UNAM04202,ses-01
sub-UNAM04204,ses-01
sub-UNAM04209,ses-01
sub-UNAM04210,ses-01
sub-UNAM04211,ses-01
sub-UNAM04215,ses-01
sub-UNAM04216,ses-01
sub-UNAM04217,ses-01
sub-UNAM04221,ses-01
sub-UNAM04245,ses-01
sub-UNAM26896,ses-01
sub-UNAM27869,ses-01
sub-UNAM27872,ses-01
sub-UNAM27934,ses-01
sub-UNAM27960,ses-01
sub-UNAM27974,ses-01
sub-UNAM28620,ses-01
sub-UNAM28982,ses-01
sub-UNAM29073,ses-01
sub-UNAM29096,ses-01
sub-UNAM29332,ses-01
sub-UNAM31231,ses-01
sub-UNAM31323,ses-01
sub-UNAM31730,ses-01
sub-UNAM32159,ses-01
sub-UNAM32231,ses-01
sub-UNAM32310,ses-01
sub-UNAM32436,ses-01
sub-UNAM32756,ses-01
sub-UNAM32907,ses-01
sub-UNAM33789,ses-01
sub-UNAM34273,ses-01
sub-UNAM34359,ses-01
sub-UNAM34437,ses-01
sub-UNAM34548,ses-01
sub-UNAM34563,ses-01
sub-UNAM34736,ses-01
sub-UNAM34826,ses-01
sub-UNAM34926,ses-01
sub-UNAM35232,ses-01
sub-UNAM35272,ses-01
sub-UNAM35353,ses-01
sub-UNAM35495,ses-01
sub-UNAM35538,ses-01
sub-UNAM35557,ses-01
sub-UNAM36144,ses-01
sub-UNAM36207,ses-01
sub-UNAM36387,ses-01
sub-UNAM36487,ses-01
sub-UNAM36664,ses-01
sub-UNAM36737,ses-01
sub-UNAM36866,ses-01
sub-UNAM36966,ses-01
sub-UNAM37117,ses-01
sub-UNAM37130,ses-01
sub-UNAM37149,ses-01
sub-UNAM37289,ses-01
sub-UNAM37348,ses-01
sub-UNICAEnigma01Cagliari,ses-1
sub-UNICAEnigma02Cagliari,ses-1
sub-UNICAEnigma03Cagliari,ses-1
sub-UNICAEnigma04Cagliari,ses-1
sub-UNICAEnigma05Cagliari,ses-1
sub-UNICAEnigma06Cagliari,ses-1
sub-UNICAEnigma08Cagliari,ses-1
sub-UNICAEnigma09Cagliari,ses-1
sub-UNICAEnigma10Cagliari,ses-1
sub-UNICAEnigma11Cagliari,ses-1
sub-UNICAEnigma12Cagliari,ses-1
sub-UNICAEnigma13Cagliari,ses-1
sub-UNICAEnigma14Cagliari,ses-1
sub-UNICAEnigma15Cagliari,ses-1
sub-UNICAEnigma16Cagliari,ses-1
sub-UNIPIFSMENIGMA01,ses-1
sub-UNIPIFSMENIGMA02,ses-1
sub-UNIPIFSMENIGMA03,ses-1
sub-UNIPIFSMENIGMA04,ses-1
sub-UNIPIFSMENIGMA05,ses-1
sub-UNIPIFSMENIGMA06,ses-1
sub-UNIPIFSMENIGMA07,ses-1
sub-UNIPIFSMENIGMA08,ses-1
sub-UNIPIFSMENIGMA09,ses-1
sub-UNIPIFSMENIGMA10,ses-1
sub-UNIPIFSMENIGMA11,ses-1
sub-UNIPIFSMENIGMA12,ses-1
sub-UNIPIFSMENIGMA13,ses-1
sub-UNIPIFSMENIGMA14,ses-1
sub-UNIPIFSMENIGMA15,ses-1
sub-UNIPIFSMENIGMA16,ses-1
sub-UNIPIFSMENIGMA17,ses-1
sub-UNIPIFSMENIGMA18,ses-1
sub-UNIPIFSMENIGMA19,ses-1
sub-UNIPIFSMENIGMA20,ses-1
sub-UNIPIFSMENIGMA23,ses-1
sub-UNIPIFSMENIGMA24,ses-1
sub-UNIPIFSMENIGMA25,ses-1
sub-UNIPIFSMENIGMA26,ses-1
sub-UNIPIFSMENIGMA27,ses-1
sub-UNIPIFSMENIGMA28,ses-1
sub-UNIPIFSMENIGMA29,ses-1
sub-UNIPIFSMENIGMA30,ses-1
sub-UNIPIFSMENIGMA32,ses-1
sub-UNIPIFSMENIGMA33,ses-1
sub-UNIPIFSMENIGMA34,ses-1
sub-UNIPIFSMENIGMA35,ses-1
sub-UNIPIFSMENIGMA36,ses-1
sub-UNIPIFSMENIGMA37,ses-1
sub-UNIPIFSMENIGMA38,ses-1
sub-UNIPIFSMENIGMA39,ses-1
sub-UNIPIFSMENIGMA40,ses-1
sub-UPennRID0139,ses-research3Tv03
sub-UPennRID0490,ses-research3Tv03
sub-UPennRID0502,ses-research3Tv03
sub-UPennRID0508,ses-research3Tv03
sub-UPennRID0520,ses-research3Tv03
sub-UPennRID0522,ses-research3Tv03
sub-UPennRID0572,ses-research3Tv03
sub-UPennRID0583,ses-research3Tv03
sub-UPennRID0595,ses-research3Tv03
sub-UPennRID0596,ses-research3Tv03
sub-UPennRID0646,ses-research3Tv03
sub-UPennRID0648,ses-research3Tv03
sub-UPennRID0652,ses-research3Tv03
sub-UPennRID0656,ses-research3Tv03
sub-UPennRID0679,ses-research3Tv04
sub-USZENIGMAZURPAT10,ses-1
sub-USZENIGMAZURPAT14,ses-1
sub-USZENIGMAZURPAT15,ses-1
sub-USZENIGMAZURPAT16,ses-1
sub-USZENIGMAZURPAT17,ses-1
sub-USZENIGMAZURPAT18,ses-1
sub-USZENIGMAZURPAT19,ses-1
sub-USZENIGMAZURPAT2,ses-1
sub-USZENIGMAZURPAT20,ses-1
sub-USZENIGMAZURPAT21,ses-1
sub-USZENIGMAZURPAT22,ses-1
sub-USZENIGMAZURPAT23,ses-1
sub-USZENIGMAZURPAT24,ses-1
sub-USZENIGMAZURPAT29,ses-1
sub-USZENIGMAZURPAT3,ses-1
sub-USZENIGMAZURPAT30,ses-1
sub-USZENIGMAZURPAT33,ses-1
sub-USZENIGMAZURPAT7,ses-1
sub-USZENIGMAZURPAT8,ses-1
sub-UniMoreSUBJ01,ses-1
sub-UniMoreSUBJ02,ses-1
sub-UniMoreSUBJ03,ses-1
sub-UniMoreSUBJ04,ses-1
sub-UniMoreSUBJ05,ses-1
sub-UniMoreSUBJ06,ses-1
sub-UniMoreSUBJ07,ses-1
sub-UniMoreSUBJ08,ses-1
sub-UniMoreSUBJ09,ses-1
sub-UniMoreSUBJ10,ses-1
sub-UniMoreSUBJ11,ses-1
sub-UniMoreSUBJ12,ses-1
sub-UniMoreSUBJ13,ses-1
sub-UniMoreSUBJ14,ses-1
sub-UniMoreSUBJ15,ses-1
sub-UniMoreSUBJ16,ses-1
sub-UniMoreSUBJ17,ses-1
sub-UniMoreSUBJ18,ses-1
sub-UniMoreSUBJ19,ses-1
sub-UniMoreSUBJ20,ses-1
sub-UniMoreSUBJ21,ses-1
sub-UniMoreSUBJ22,ses-1
sub-UniMoreSUBJ23,ses-1
sub-UniMoreSUBJ24,ses-1
sub-UniMoreSUBJ25,ses-1
sub-UniMoreSUBJ26,ses-1
sub-UniMoreSUBJ27,ses-1
sub-UniMoreSUBJ28,ses-1
sub-UniMoreSUBJ29,ses-1
sub-UniMoreSUBJ30,ses-1
sub-UniMoreSUBJ31,ses-1
sub-UniMoreSUBJ32,ses-1
sub-UniMoreSUBJ33,ses-1
sub-UniMoreSUBJ34,ses-1
sub-UniMoreSUBJ35,ses-1
sub-UniMoreSUBJ36,ses-1
sub-UniMoreSUBJ37,ses-1
sub-UniMoreSUBJ38,ses-1
sub-UniMoreSUBJ39,ses-1
sub-UniMoreSUBJ40,ses-1
sub-UniMoreSUBJ41,ses-1
sub-UniMoreSUBJ42,ses-1
sub-UniMoreSUBJ43,ses-1
sub-UniMoreSUBJ44,ses-1
sub-UniMoreSUBJ45,ses-1
sub-UniMoreSUBJ46,ses-1
sub-UniMoreSUBJ47,ses-1
sub-UniMoreSUBJ48,ses-1
sub-UniMoreSUBJ49,ses-1
sub-UniMoreSUBJ50,ses-1
sub-UniMoreSUBJ51,ses-1
sub-UniMoreSUBJ52,ses-1
sub-UniMoreSUBJ53,ses-1
sub-goettingenCACJW99,ses-BL
sub-goettingenCAHDU99,ses-rEEGwIGEvCx
sub-goettingenCAPEM99,ses-rEEGwIGEvCx
sub-goettingenCBCOV99,ses-BL
sub-goettingenCBFXT99,ses-BL
sub-goettingenCBIDT99,ses-BL
sub-goettingenCBPBT99,ses-BL
sub-goettingenCCEJC99,ses-rEEGwIGEvCx
sub-goettingenCCJSB99,ses-BL
sub-goettingenCCOZE99,ses-BL
sub-goettingenCCPZV99,ses-BL
sub-goettingenCCVKC99,ses-BL
sub-goettingenCDBEE99,ses-BL
sub-goettingenCDCVR99,ses-BL
sub-goettingenCDEHQ99,ses-rEEGwIGEvCx
sub-goettingenCDJYW99,ses-BL
sub-goettingenCDPJF99,ses-BL
sub-goettingenCDRYE99,ses-BL
sub-goettingenCDXHU99,ses-BL
sub-goettingenCDZPN99,ses-BL
sub-goettingenCEBLG99,ses-BL
sub-goettingenCECHA99,ses-BL
sub-goettingenCEDLT99,ses-BL
sub-goettingenCEGXG99,ses-BL
sub-goettingenCEJTT99,ses-BL
sub-goettingenCEZQN99,ses-rEEGwIGEvCx
sub-goettingenCFPHI99,ses-rEEGwIGEvCx
sub-goettingenCFTUW99,ses-rEEGwIGEvCx
sub-goettingenCGAYV99,ses-BL
sub-goettingenCGVLX99,ses-BL
sub-goettingenCHAOI99,ses-BL
sub-goettingenCHDDX99,ses-rEEGwIGEvCx
sub-goettingenCHJAV99,ses-BL
sub-goettingenCHNAZ99,ses-BL
sub-goettingenCHONE99,ses-BL
sub-goettingenCHQPK99,ses-BL
sub-goettingenCIBMY99,ses-rEEGwIGEvCx
sub-goettingenCIFAY99,ses-BL
sub-goettingenCISTC99,ses-BL
sub-goettingenCIVEO99,ses-rEEGwIGEvCx
sub-goettingenCJCDJ99,ses-BL
sub-goettingenCJCHN99,ses-BL
sub-goettingenCJHYR99,ses-BL
sub-goettingenCJJQW99,ses-rEEGwIGEvCx
sub-goettingenCJKUZ99,ses-BL
sub-goettingenCJORP99,ses-BL
sub-goettingenCJSJI99,ses-BL
sub-goettingenCJYUH99,ses-BL
sub-goettingenCKQPR99,ses-BL
sub-goettingenCLCLP99,ses-rEEGwIGEvCx
sub-goettingenCLIOR99,ses-BL
sub-goettingenCMDOR99,ses-BL
sub-goettingenCMKIG99,ses-BL
sub-goettingenCMUYG99,ses-BL
sub-goettingenCNHPE99,ses-BL
sub-goettingenCNIHF99,ses-rEEGwIGEvCx
sub-goettingenCNMJW99,ses-BL
sub-goettingenCNUUX99,ses-rEEGwIGEvCx
sub-goettingenCNXMH99,ses-BL
sub-goettingenCOGLS99,ses-BL
sub-goettingenCOIVZ99,ses-BL
sub-goettingenCOMSH99,ses-BL
sub-goettingenCOPFX99,ses-BL
sub-goettingenCOQEW99,ses-rEEGwIGEvCx
sub-goettingenCPGMA99,ses-BL
sub-goettingenCPIGT99,ses-BL
sub-goettingenCPIXH99,ses-rEEGwIGEvCx
sub-goettingenCPJJZ99,ses-BL
sub-goettingenCPNJS99,ses-BL
sub-goettingenCQGUS99,ses-BL
sub-goettingenCQIUC99,ses-BL
sub-goettingenCQTGB99,ses-BL
sub-goettingenCRAXM99,ses-BL
sub-goettingenCRCVU99,ses-BL
sub-goettingenCRIFL99,ses-rEEGwIGEvCx
sub-goettingenCRKIT99,ses-rEEGwIGEvCx
sub-goettingenCRMFU99,ses-rEEGwIGEvCx
sub-goettingenCRNVT99,ses-rEEGwIGEvCx
sub-goettingenCRQNN99,ses-BL
sub-goettingenCRVVC99,ses-BL
sub-goettingenCSKSA99,ses-BL
sub-goettingenCSQJR99,ses-BL
sub-goettingenCSVYK99,ses-BL
sub-goettingenCTACN99,ses-BL
sub-goettingenCTEIZ99,ses-BL
sub-goettingenCTIJL99,ses-rEEGwIGEvCx
sub-goettingenCTVDO99,ses-BL
sub-goettingenCTXXC99,ses-rEEGwIGEvCx
sub-goettingenCTYLR99,ses-BL
sub-goettingenCTZWW99,ses-BL
sub-goettingenCUBZY99,ses-rEEGwIGEvCx
sub-goettingenCUITH99,ses-BL
sub-goettingenCUVYO99,ses-rEEGwIGEvCx
sub-goettingenCVJIT99,ses-BL
sub-goettingenCVTWL99,ses-BL
sub-goettingenCVYMM99,ses-BL
sub-goettingenCWOFZ99,ses-rEEGwIGEvCx
sub-goettingenCXKJC99,ses-BL
sub-goettingenCXOIL99,ses-BL
sub-goettingenCXPSN99,ses-BL
sub-goettingenCYDXG99,ses-BL
sub-goettingenCYWPP99,ses-BL
sub-goettingenCZEFW99,ses-rEEGwIGEvCx
sub-goettingenCZGRL99,ses-rEEGwIGEvCx
sub-goettingenCZORE99,ses-BL
sub-goettingenPAHBS99,ses-BL
sub-goettingenPAKDD99,ses-BL
sub-goettingenPBMQG99,ses-BL
sub-goettingenPBNTP99,ses-BL
sub-goettingenPBWPD99,ses-BL
sub-goettingenPBXAM99,ses-BL
sub-goettingenPCSVP99,ses-BL
sub-goettingenPDGWA99,ses-BL
sub-goettingenPDQSL99,ses-BL
sub-goettingenPDSLR99,ses-BL
sub-goettingenPEAHU99,ses-BL
sub-goettingenPEDXW99,ses-BL
sub-goettingenPEOBJ99,ses-BL
sub-goettingenPETYA99,ses-BL
sub-goettingenPFCVP99,ses-BL
sub-goettingenPFVOP99,ses-BL
sub-goettingenPFWFU99,ses-BL
sub-goettingenPGJYY99,ses-BL
sub-goettingenPGOPX99,ses-BL
sub-goettingenPGUWG99,ses-BL
sub-goettingenPHDVC99,ses-BL
sub-goettingenPHEQT99,ses-BL
sub-goettingenPHHIV99,ses-BL
sub-goettingenPHHLG99,ses-BL
sub-goettingenPHMGI99,ses-BL
sub-goettingenPHNUW99,ses-BL
sub-goettingenPHRJD99,ses-BL
sub-goettingenPHVCE99,ses-BL
sub-goettingenPHWNO99,ses-BL
sub-goettingenPHXNR99,ses-BL
sub-goettingenPHXUP99,ses-BL
sub-goettingenPIBJW99,ses-BL
sub-goettingenPISXI99,ses-BL
sub-goettingenPJCQL99,ses-BL
sub-goettingenPJMLB99,ses-BL
sub-goettingenPJPSN99,ses-BL
sub-goettingenPKAXB99,ses-BL
sub-goettingenPKETQ99,ses-BL
sub-goettingenPKFDM99,ses-BL
sub-goettingenPKLQI99,ses-BL
sub-goettingenPKSQI99,ses-BL
sub-goettingenPLIME99,ses-BL
sub-goettingenPLITO99,ses-BL
sub-goettingenPLWRM99,ses-BL
sub-goettingenPMGZN99,ses-BL
sub-goettingenPMNRG99,ses-BL
sub-goettingenPMOZA99,ses-BL
sub-goettingenPMWMN99,ses-BL
sub-goettingenPNHAA99,ses-BL
sub-goettingenPNHHW99,ses-BL
sub-goettingenPNHRC99,ses-BL
sub-goettingenPNTBB99,ses-BL
sub-goettingenPNXGA99,ses-BL
sub-goettingenPNYBC99,ses-BL
sub-goettingenPOQWD99,ses-BL
sub-goettingenPOTSI99,ses-BL
sub-goettingenPOYGX99,ses-BL
sub-goettingenPOZBW99,ses-BL
sub-goettingenPPBIJ99,ses-BL
sub-goettingenPPBZZ99,ses-BL
sub-goettingenPPDOB99,ses-BL
sub-goettingenPPIPM99,ses-BL
sub-goettingenPPNRV99,ses-BL
sub-goettingenPQFRY99,ses-BL
sub-goettingenPQINT99,ses-BL
sub-goettingenPQMUA99,ses-BL
sub-goettingenPQNJI99,ses-BL
sub-goettingenPQXYM99,ses-BL
sub-goettingenPRMWZ99,ses-BL
sub-goettingenPRWKV99,ses-BL
sub-goettingenPSERM99,ses-BL
sub-goettingenPSEZV99,ses-BL
sub-goettingenPSKPS99,ses-BL
sub-goettingenPSNFH99,ses-BL
sub-goettingenPTNTX99,ses-BL
sub-goettingenPTPMP99,ses-BL
sub-goettingenPTWYM99,ses-BL
sub-goettingenPUBOS99,ses-FU1
sub-goettingenPULAW99,ses-BL
sub-goettingenPUPJW99,ses-BL
sub-goettingenPWBBG99,ses-BL
sub-goettingenPWXYL99,ses-BL
sub-goettingenPXCUH99,ses-BL
sub-goettingenPXNZP99,ses-BL
sub-goettingenPXQNP99,ses-BL
sub-goettingenPXRYV99,ses-BL
sub-goettingenPXXNZ99,ses-BL
sub-goettingenPYDXD99,ses-BL
sub-goettingenPYMGA99,ses-BL
sub-goettingenPYSCH99,ses-BL
sub-goettingenPZZAG99,ses-BL
sub-ucla340,ses-1
sub-ucla344,ses-1
sub-ucla346,ses-1
sub-ucla347,ses-1
sub-ucla348,ses-1
sub-ucla350,ses-1
sub-ucla356,ses-1
sub-ucla360,ses-1
sub-ucla364,ses-1
sub-ucla366,ses-1
sub-ucla367,ses-1
sub-ucla368,ses-1
sub-ucla370,ses-1
sub-ucla371,ses-1
sub-ucla378,ses-1
sub-ucla380,ses-1
sub-ucla381,ses-1
sub-ucla383,ses-1
sub-ucla384,ses-1
sub-ucla385,ses-1
sub-ucla392,ses-1
sub-ucla393,ses-1
sub-ucla395,ses-1
sub-ucla397,ses-1
sub-ucla399,ses-1
sub-ucla400,ses-1
sub-ucla401,ses-1
sub-ucla405,ses-1
sub-ucla409,ses-1
sub-ucla412,ses-1
sub-ucla414,ses-1
sub-ucla415,ses-1
sub-ucla418,ses-1
sub-ucla419,ses-1
sub-ucla420,ses-1
sub-ucla423,ses-1
sub-ucla424,ses-1
sub-ucla425,ses-1
sub-ucla426,ses-1
sub-ucla427,ses-1
sub-ucla428,ses-1
sub-ucla429,ses-1
sub-ucla430,ses-1
sub-ucla431,ses-1
sub-ucla432,ses-1
sub-ucla433,ses-1
sub-ucla434,ses-1
sub-ucla435,ses-1
sub-ucla436,ses-1
sub-ucla437,ses-1
sub-ucla438,ses-1
sub-ucla439,ses-1
sub-ucla440,ses-1
sub-ucla441,ses-1
sub-ucla442,ses-1
sub-ucla444,ses-1
sub-ucla445,ses-1
sub-ucla446,ses-1
sub-ucla447,ses-1
sub-ucla449,ses-1
sub-ucla450,ses-1
sub-ucla452,ses-1
sub-ucla454,ses-1
sub-ucla455,ses-1
sub-ucla457,ses-1
sub-ucla458,ses-1
sub-ucla459,ses-1
sub-ucla460,ses-1
sub-ucla461,ses-1
sub-ucla462,ses-1
sub-ucla464,ses-1
sub-ucla465,ses-1
sub-ucla466,ses-1
sub-ucla467,ses-1
sub-ucla468,ses-1
sub-ucla469,ses-1
sub-ucla470,ses-1
sub-ucla471,ses-1
sub-ucla473,ses-1
sub-ucla474,ses-1
sub-ucla475,ses-1
sub-ucla476,ses-1
sub-ucla477,ses-1
sub-ucla478,ses-1
sub-ucla481,ses-1
sub-ucla482,ses-1
sub-ucla483,ses-1
sub-ucla484,ses-1
sub-ucla485,ses-1
sub-ucla486,ses-1
sub-ucla487,ses-1
sub-ucla488,ses-1
sub-ucla489,ses-1
sub-ucla490,ses-1
sub-ucla492,ses-1
sub-ucla493,ses-1
sub-ucla494,ses-1
sub-ucla495,ses-1
sub-ucla496,ses-1
sub-ucla497,ses-1
sub-ucla500,ses-1
sub-ucla501,ses-1
sub-ucla502,ses-1
sub-ucla503,ses-1
sub-ucla504,ses-1
sub-ucla505,ses-1
sub-ucla507,ses-1
sub-ucla508,ses-1
sub-ucla509,ses-1
sub-ucla510,ses-1
sub-ucla511,ses-1
sub-ucla512,ses-1
sub-ucla513,ses-1
sub-ucla514,ses-1
sub-ucla516,ses-1
sub-ucla517,ses-1
sub-ucla518,ses-1
sub-ucla520,ses-1
sub-ucla522,ses-1
sub-ucla523,ses-1
sub-ucla524,ses-1
sub-ucla525,ses-1
sub-ucla526,ses-1
sub-ucla527,ses-1
sub-ucla528,ses-1
sub-ucla529,ses-1
sub-ucla530,ses-1
sub-ucla531,ses-1
sub-ucla532,ses-1
sub-ucla533,ses-1
sub-ucla534,ses-1
sub-ucla535,ses-1
sub-ucla536,ses-1
sub-ucla538,ses-1
sub-ucla539,ses-1
sub-ucla540,ses-1
sub-ucla541,ses-1
sub-ucla542,ses-1
sub-ucla543,ses-1
sub-ucla544,ses-1
sub-ucla545,ses-1
sub-uclaC002,ses-1
sub-uclaC003,ses-1
sub-uclaC004,ses-1
sub-uclaC005,ses-1
sub-uclaC006,ses-1
sub-uclaC007,ses-1
sub-uclaC008,ses-1
sub-uclaC010,ses-1
sub-uclaC011,ses-1
sub-uclaC012,ses-1
sub-uclaC013,ses-1
sub-uclaC014,ses-1
sub-uclaC015,ses-1
sub-uclaC016,ses-1
sub-uclaC017,ses-1
sub-uclaC018,ses-1
sub-uclaC019,ses-1
sub-uclaC020,ses-1
sub-uclaC021,ses-1
sub-uclaC022,ses-1
sub-uclaC023,ses-1
sub-uclaC024,ses-1
sub-uclaC025,ses-1
sub-uclaC026,ses-1
sub-uclaC029,ses-1
sub-uclaC030,ses-1
sub-uclaC031,ses-1
sub-uclaC032,ses-1
sub-uclaC033,ses-1
sub-uclaC034,ses-1
sub-uclaC036,ses-1
sub-uclaC037,ses-1
sub-uclaC039,ses-1
sub-uclaC040,ses-1
sub-uclaC041,ses-1
sub-uclaC043,ses-1
sub-uclaC044,ses-1
sub-uclaC045,ses-1
sub-uclaC046,ses-1
sub-uclaC047,ses-1
sub-uclaC048,ses-1
sub-uclaC049,ses-1
sub-uclaC050,ses-1
sub-uclaC051,ses-1
sub-uclaC052,ses-1
sub-uclaC053,ses-1
sub-uclaC054,ses-1
sub-uclaC055,ses-1
sub-uclaC056,ses-1
sub-uclaC057,ses-1
sub-uclaC058,ses-1
sub-uclaC059,ses-1
sub-uclaC060,ses-1
sub-uclaC062,ses-1
sub-uclaC065,ses-1
sub-uclaC067,ses-1
sub-uclaC070,ses-1
sub-uclaC075,ses-1
sub-uclaC076,ses-1
sub-uclaC077,ses-1
sub-uclaC078,ses-1
sub-uclaC079,ses-1
sub-uclaC080,ses-1
sub-uclaC081,ses-1
sub-uclaC082,ses-1
sub-uclaC084,ses-1
sub-uclaC085,ses-1
sub-uclaC086,ses-1
sub-uclaC087,ses-1
sub-uclaC088,ses-1
sub-uclaC089,ses-1
sub-uclaC090,ses-1
sub-uclaC091,ses-1
sub-uclaC092,ses-1
sub-uclaC093,ses-1
sub-uclaC094,ses-1
sub-uclaC095,ses-1
sub-uclaC096,ses-1
sub-uclaC097,ses-1
sub-uclaC098,ses-1
sub-uclaC099,ses-1
sub-uclaC100,ses-1
sub-uclaC101,ses-1
sub-uclaC102,ses-1
sub-uclaC103,ses-1
sub-uclaC104,ses-1
sub-uclaC105,ses-1
sub-uclaC106,ses-1
sub-uclaC107,ses-1
sub-uclaC108,ses-1
sub-uclaC109,ses-1
sub-uclaC110,ses-1
sub-uclaC111,ses-1
sub-uclaC112,ses-1
sub-uclaC113,ses-1
sub-uclaC114,ses-1
sub-uclaC115,ses-1
sub-uclaC116,ses-1
sub-uclaC117,ses-1
sub-uclaC118,ses-1
sub-uclaC119,ses-1
sub-uclaC120,ses-1
sub-uclaC121,ses-1
sub-uclaC122,ses-1
sub-uclaC123,ses-1
sub-uclaC124,ses-1
sub-uclaC125,ses-1
sub-uclaC126,ses-1
sub-uclaC127,ses-1
sub-uclaC128,ses-1
sub-uclaC129,ses-1
sub-uclaC130,ses-1
sub-uclaC131,ses-1
sub-uclaC132,ses-1
sub-uclaC133,ses-1
sub-uclaC134,ses-1
sub-upennRID0139,ses-research3Tv03
sub-upennRID0179,ses-research3Tv00
sub-upennRID0190,ses-research3Tv00
sub-upennRID0213,ses-research3Tv01
sub-upennRID0278,ses-research3Tv01
sub-upennRID0309,ses-research3Tv01
sub-upennRID0320,ses-research3Tv01
sub-upennRID0365,ses-research3Tv02
sub-upennRID0420,ses-research3Tv02
sub-upennRID0440,ses-research3Tv02
sub-upennRID0454,ses-research3Tv02
sub-upennRID0459,ses-research3Tv02
sub-upennRID0490,ses-research3Tv03
sub-upennRID0502,ses-research3Tv03
sub-upennRID0505,ses-research3Tv03
sub-upennRID0508,ses-research3Tv03
sub-upennRID0520,ses-research3Tv03
sub-upennRID0522,ses-research3Tv03
sub-upennRID0529,ses-research3Tv03
sub-upennRID0536,ses-research3Tv03
sub-upennRID0566,ses-research3Tv03
sub-upennRID0572,ses-research3Tv03
sub-upennRID0583,ses-research3Tv03
sub-upennRID0595,ses-research3Tv03
sub-upennRID0596,ses-research3Tv03
sub-upennRID0600,ses-research3Tv03
sub-upennRID0602,ses-research3Tv03
sub-upennRID0603,ses-research3Tv03
sub-upennRID0604,ses-research3Tv03
sub-upennRID0615,ses-research3Tv03
sub-upennRID0646,ses-research3Tv03
sub-upennRID0648,ses-research3Tv03
sub-upennRID0652,ses-research3Tv03
sub-upennRID0656,ses-research3Tv03
sub-upennRID0658,ses-research3Tv04
sub-upennRID0679,ses-research3Tv04
sub-upennRID0682,ses-research3Tv04
sub-upennRID0683,ses-research3Tv04
sub-upennRID0815,ses-research3Tv04
sub-upennRID0816,ses-research3Tv04
sub-upennRID0817,ses-research3Tv04
sub-upennRID0819,ses-research3Tv04
sub-upennRID0820,ses-research3Tv04
sub-upennRID0826,ses-research3Tv04
sub-upennRID0827,ses-research3Tv04
sub-upennRID0830,ses-research3Tv04
sub-upennRID0833,ses-research3Tv04